loss,acc,epoch,step,val_loss,val_acc,lr
2.6602582931518555,0.0859375,0,49,,,
2.6434192657470703,0.1015625,0,99,,,
2.6621508598327637,0.078125,0,149,,,
2.6028988361358643,0.1171875,0,199,,,
2.628457546234131,0.0859375,0,249,,,
2.558666467666626,0.109375,0,299,,,
2.6156907081604004,0.0859375,0,349,,,
,,0,390,2.591092109680176,0.10000000149011612,
2.6072983741760254,0.1171875,1,399,,,
2.2029507160186768,0.1875,1,449,,,
2.1589303016662598,0.21875,1,499,,,
2.183342933654785,0.2265625,1,549,,,
2.1184065341949463,0.2109375,1,599,,,
2.130765914916992,0.2578125,1,649,,,
2.1100621223449707,0.328125,1,699,,,
2.03385853767395,0.28125,1,749,,,
,,1,781,,,0.0002
,,1,781,1.88230562210083,0.3610999882221222,
2.0143041610717773,0.2734375,2,799,,,
2.056952953338623,0.25,2,849,,,
2.0129075050354004,0.2890625,2,899,,,
1.9913477897644043,0.265625,2,949,,,
1.9058990478515625,0.3203125,2,999,,,
1.9151363372802734,0.3203125,2,1049,,,
1.849961757659912,0.375,2,1099,,,
1.7892441749572754,0.3828125,2,1149,,,
,,2,1172,,,0.0004
,,2,1172,1.7112843990325928,0.4359000027179718,
1.9172881841659546,0.34375,3,1199,,,
1.9475294351577759,0.375,3,1249,,,
1.8978042602539062,0.3359375,3,1299,,,
1.8738642930984497,0.3984375,3,1349,,,
1.873482346534729,0.3515625,3,1399,,,
1.769997239112854,0.4296875,3,1449,,,
1.7441109418869019,0.4140625,3,1499,,,
1.7016119956970215,0.4765625,3,1549,,,
,,3,1563,,,0.0006
,,3,1563,1.5650427341461182,0.5293999910354614,
1.8550077676773071,0.328125,4,1599,,,
1.7667481899261475,0.3828125,4,1649,,,
1.8254040479660034,0.421875,4,1699,,,
1.7473912239074707,0.390625,4,1749,,,
1.7035142183303833,0.4453125,4,1799,,,
1.7920358180999756,0.4140625,4,1849,,,
1.7652087211608887,0.390625,4,1899,,,
1.739109992980957,0.4375,4,1949,,,
,,4,1954,,,0.0008
,,4,1954,1.5282658338546753,0.5407999753952026,
1.6480238437652588,0.484375,5,1999,,,
1.7573403120040894,0.4140625,5,2049,,,
1.7376322746276855,0.4453125,5,2099,,,
1.5729320049285889,0.515625,5,2149,,,
1.6370874643325806,0.53125,5,2199,,,
1.5172888040542603,0.546875,5,2249,,,
1.5539560317993164,0.4921875,5,2299,,,
,,5,2345,,,0.001
,,5,2345,1.5161794424057007,0.5503000020980835,
1.6228728294372559,0.515625,6,2349,,,
1.6729849576950073,0.4140625,6,2399,,,
1.6848304271697998,0.5078125,6,2449,,,
1.6857696771621704,0.5,6,2499,,,
1.612564206123352,0.546875,6,2549,,,
1.6583285331726074,0.515625,6,2599,,,
1.626206398010254,0.4921875,6,2649,,,
1.5705032348632812,0.4765625,6,2699,,,
,,6,2736,,,0.001
,,6,2736,1.3892817497253418,0.6141999959945679,
1.5950523614883423,0.484375,7,2749,,,
1.5414433479309082,0.5625,7,2799,,,
1.5840972661972046,0.4921875,7,2849,,,
1.543980360031128,0.5625,7,2899,,,
1.4476964473724365,0.6015625,7,2949,,,
1.5268610715866089,0.5390625,7,2999,,,
1.5936155319213867,0.5,7,3049,,,
1.4484061002731323,0.5859375,7,3099,,,
,,7,3127,,,0.000999938933078422
,,7,3127,1.3645946979522705,0.6146000027656555,
1.5368716716766357,0.5703125,8,3149,,,
1.5596768856048584,0.5,8,3199,,,
1.5490443706512451,0.5078125,8,3249,,,
1.4956716299057007,0.5703125,8,3299,,,
1.4669510126113892,0.6015625,8,3349,,,
1.5447216033935547,0.5390625,8,3399,,,
1.480765700340271,0.5546875,8,3449,,,
1.6405760049819946,0.53125,8,3499,,,
,,8,3518,,,0.000999755747381037
,,8,3518,1.314790964126587,0.6414999961853027,
1.430199146270752,0.6015625,9,3549,,,
1.4894354343414307,0.5625,9,3599,,,
1.446208119392395,0.59375,9,3649,,,
1.545015573501587,0.515625,9,3699,,,
1.5626814365386963,0.5078125,9,3749,,,
1.4648303985595703,0.515625,9,3799,,,
1.419907569885254,0.5625,9,3849,,,
1.5371356010437012,0.5390625,9,3899,,,
,,9,3909,,,0.000999450488106175
,,9,3909,1.2795873880386353,0.6597999930381775,
1.3917349576950073,0.625,10,3949,,,
1.3650965690612793,0.578125,10,3999,,,
1.5591901540756226,0.4921875,10,4049,,,
1.33522629737854,0.6328125,10,4099,,,
1.3385639190673828,0.6328125,10,4149,,,
1.3417037725448608,0.640625,10,4199,,,
1.467700719833374,0.5703125,10,4249,,,
1.425938606262207,0.59375,10,4299,,,
,,10,4300,,,0.0009990232305719944
,,10,4300,1.2195611000061035,0.6942999958992004,
1.3793318271636963,0.6171875,11,4349,,,
1.4666085243225098,0.5859375,11,4399,,,
1.3042166233062744,0.59375,11,4449,,,
1.4465701580047607,0.578125,11,4499,,,
1.580972671508789,0.4921875,11,4549,,,
1.4185879230499268,0.5859375,11,4599,,,
1.3848552703857422,0.625,11,4649,,,
,,11,4691,,,0.0009984740801978983
,,11,4691,1.1960402727127075,0.7006999850273132,
1.3488919734954834,0.609375,12,4699,,,
1.274701476097107,0.6953125,12,4749,,,
1.4122288227081299,0.609375,12,4799,,,
1.3750278949737549,0.6015625,12,4849,,,
1.4655449390411377,0.59375,12,4899,,,
1.4601322412490845,0.5546875,12,4949,,,
1.484438180923462,0.59375,12,4999,,,
1.32976496219635,0.6328125,12,5049,,,
,,12,5082,,,0.0009978031724785245
,,12,5082,1.188643217086792,0.70660001039505,
1.3423142433166504,0.6171875,13,5099,,,
1.273362636566162,0.65625,13,5149,,,
1.3818509578704834,0.640625,13,5199,,,
1.2874624729156494,0.6328125,13,5249,,,
1.2947174310684204,0.640625,13,5299,,,
1.3493809700012207,0.65625,13,5349,,,
1.2179681062698364,0.6875,13,5399,,,
1.3664882183074951,0.625,13,5449,,,
,,13,5473,,,0.000997010672950314
,,13,5473,1.1381787061691284,0.7281000018119812,
1.2731916904449463,0.640625,14,5499,,,
1.272953748703003,0.6875,14,5549,,,
1.219980239868164,0.6875,14,5599,,,
1.2919135093688965,0.6796875,14,5649,,,
1.2974976301193237,0.6796875,14,5699,,,
1.4761292934417725,0.5625,14,5749,,,
1.23716139793396,0.671875,14,5799,,,
1.2966537475585938,0.6484375,14,5849,,,
,,14,5864,,,0.0009960967771506664
,,14,5864,1.146440029144287,0.7293999791145325,
1.3126245737075806,0.625,15,5899,,,
1.2591359615325928,0.6640625,15,5949,,,
1.4032446146011353,0.65625,15,5999,,,
1.4132320880889893,0.609375,15,6049,,,
1.27170729637146,0.640625,15,6099,,,
1.2865102291107178,0.6796875,15,6149,,,
1.307582139968872,0.6484375,15,6199,,,
1.1465909481048584,0.7421875,15,6249,,,
,,15,6255,,,0.0009950617105696957
,,15,6255,1.1235861778259277,0.737500011920929,
1.288361668586731,0.625,16,6299,,,
1.293952465057373,0.6328125,16,6349,,,
1.2979220151901245,0.65625,16,6399,,,
1.4185482263565063,0.6015625,16,6449,,,
1.262649655342102,0.6953125,16,6499,,,
1.332141637802124,0.6484375,16,6549,,,
1.4244678020477295,0.59375,16,6599,,,
,,16,6646,,,0.0009939057285945929
,,16,6646,1.1045335531234741,0.7462000250816345,
1.1850252151489258,0.7421875,17,6649,,,
1.3096683025360107,0.625,17,6699,,,
1.205125331878662,0.734375,17,6749,,,
1.1682360172271729,0.7421875,17,6799,,,
1.2273125648498535,0.7109375,17,6849,,,
1.212899088859558,0.640625,17,6899,,,
1.1625944375991821,0.7421875,17,6949,,,
1.257472276687622,0.671875,17,6999,,,
,,17,7037,,,0.0009926291164466126
,,17,7037,1.0556689500808716,0.7652000188827515,
1.2340757846832275,0.6796875,18,7049,,,
1.2816922664642334,0.6875,18,7099,,,
1.2793233394622803,0.6875,18,7149,,,
1.1990426778793335,0.71875,18,7199,,,
1.226897954940796,0.703125,18,7249,,,
1.2228894233703613,0.7109375,18,7299,,,
1.149026870727539,0.6875,18,7349,,,
1.2124478816986084,0.65625,18,7399,,,
,,18,7428,,,0.0009912321891107005
,,18,7428,1.0672037601470947,0.7642999887466431,
1.1593327522277832,0.7421875,19,7449,,,
1.3126780986785889,0.65625,19,7499,,,
1.1190537214279175,0.7109375,19,7549,,,
1.2219219207763672,0.7265625,19,7599,,,
1.2862547636032104,0.65625,19,7649,,,
1.3647966384887695,0.6015625,19,7699,,,
1.1768481731414795,0.703125,19,7749,,,
1.1785383224487305,0.6953125,19,7799,,,
,,19,7819,,,0.0009897152912577737
,,19,7819,1.062180757522583,0.7626000046730042,
1.0267813205718994,0.75,20,7849,,,
1.2345988750457764,0.6484375,20,7899,,,
1.3513118028640747,0.59375,20,7949,,,
1.1400668621063232,0.7265625,20,7999,,,
1.1059832572937012,0.75,20,8049,,,
1.22607421875,0.71875,20,8099,,,
1.4144837856292725,0.5859375,20,8149,,,
1.3628411293029785,0.6484375,20,8199,,,
,,20,8210,,,0.0009880787971596797
,,20,8210,1.0451804399490356,0.7749999761581421,
1.1784429550170898,0.7265625,21,8249,,,
1.185974359512329,0.71875,21,8299,,,
1.3635722398757935,0.609375,21,8349,,,
1.271775484085083,0.65625,21,8399,,,
1.1651438474655151,0.734375,21,8449,,,
1.3071576356887817,0.625,21,8499,,,
1.1536736488342285,0.7109375,21,8549,,,
1.1739853620529175,0.7109375,21,8599,,,
,,21,8601,,,0.0009863231105968495
,,21,8601,1.0587294101715088,0.7689999938011169,
1.1023999452590942,0.7578125,22,8649,,,
1.1348481178283691,0.734375,22,8699,,,
1.2504879236221313,0.6875,22,8749,,,
1.1020878553390503,0.6953125,22,8799,,,
1.159684181213379,0.71875,22,8849,,,
1.1281534433364868,0.734375,22,8899,,,
1.1001207828521729,0.75,22,8949,,,
,,22,8992,,,0.000984448664758672
,,22,8992,1.0525648593902588,0.7674000263214111,
1.1913321018218994,0.6875,23,8999,,,
1.165906310081482,0.7265625,23,9049,,,
1.3037962913513184,0.6875,23,9099,,,
1.096473217010498,0.7578125,23,9149,,,
1.200934648513794,0.703125,23,9199,,,
1.2783207893371582,0.65625,23,9249,,,
1.2291061878204346,0.703125,23,9299,,,
1.1348775625228882,0.7578125,23,9349,,,
,,23,9383,,,0.0009824559221366096
,,23,9383,1.0091552734375,0.7897999882698059,
1.278454065322876,0.6484375,24,9399,,,
1.202488660812378,0.6953125,24,9449,,,
1.1674635410308838,0.6875,24,9499,,,
1.137874722480774,0.703125,24,9549,,,
1.1791768074035645,0.6796875,24,9599,,,
1.1025267839431763,0.75,24,9649,,,
1.1127068996429443,0.7578125,24,9699,,,
1.141390323638916,0.6796875,24,9749,,,
,,24,9774,,,0.0009803453744100864
,,24,9774,1.0079036951065063,0.7904000282287598,
1.1844877004623413,0.703125,25,9799,,,
1.226158618927002,0.6484375,25,9849,,,
1.2131376266479492,0.6796875,25,9899,,,
1.1985442638397217,0.671875,25,9949,,,
1.1432476043701172,0.71875,25,9999,,,
1.2126622200012207,0.703125,25,10049,,,
1.1421540975570679,0.6796875,25,10099,,,
0.9999958872795105,0.7890625,25,10149,,,
,,25,10165,,,0.0009781175423251728
,,25,10165,1.0163501501083374,0.7868000268936157,
1.1945689916610718,0.71875,26,10199,,,
1.1248620748519897,0.71875,26,10249,,,
1.0833914279937744,0.7109375,26,10299,,,
1.0577037334442139,0.765625,26,10349,,,
1.1932106018066406,0.6875,26,10399,,,
1.0309762954711914,0.78125,26,10449,,,
0.9951506853103638,0.7734375,26,10499,,,
1.110849380493164,0.765625,26,10549,,,
,,26,10556,,,0.0009757729755661004
,,26,10556,1.011987328529358,0.7836999893188477,
1.1052017211914062,0.75,27,10599,,,
1.1804087162017822,0.703125,27,10649,,,
1.2400412559509277,0.65625,27,10699,,,
1.1411809921264648,0.6953125,27,10749,,,
1.2516589164733887,0.65625,27,10799,,,
0.9820315837860107,0.796875,27,10849,,,
1.1417126655578613,0.734375,27,10899,,,
,,27,10947,,,0.0009733122526196342
,,27,10947,1.0008105039596558,0.7906000018119812,
1.116881251335144,0.7578125,28,10949,,,
1.3004688024520874,0.6953125,28,10999,,,
1.1491107940673828,0.6875,28,11049,,,
1.184156894683838,0.7109375,28,11099,,,
1.0652462244033813,0.71875,28,11149,,,
1.0955674648284912,0.7578125,28,11199,,,
1.026383876800537,0.78125,28,11249,,,
1.164186716079712,0.71875,28,11299,,,
,,28,11338,,,0.000970735980632341
,,28,11338,0.9997968673706055,0.7918000221252441,
1.1278960704803467,0.765625,29,11349,,,
1.1033412218093872,0.75,29,11399,,,
1.1170562505722046,0.7109375,29,11449,,,
1.0877646207809448,0.7578125,29,11499,,,
1.04380464553833,0.796875,29,11549,,,
1.0812493562698364,0.765625,29,11599,,,
1.0931693315505981,0.765625,29,11649,,,
1.218502163887024,0.7109375,29,11699,,,
,,29,11729,,,0.0009680447952607838
,,29,11729,0.9937337636947632,0.7928000092506409,
1.142038106918335,0.7421875,30,11749,,,
1.1060371398925781,0.7265625,30,11799,,,
1.015523076057434,0.7734375,30,11849,,,
1.1203961372375488,0.7265625,30,11899,,,
0.9847273826599121,0.8046875,30,11949,,,
1.1194210052490234,0.75,30,11999,,,
1.0669338703155518,0.7421875,30,12049,,,
1.0825825929641724,0.7578125,30,12099,,,
,,30,12120,,,0.0009652393605146839
,,30,12120,0.9738333821296692,0.8069999814033508,
1.1127939224243164,0.7265625,31,12149,,,
1.0848231315612793,0.78125,31,12199,,,
1.0486321449279785,0.7890625,31,12249,,,
1.086397647857666,0.765625,31,12299,,,
1.06089186668396,0.7578125,31,12349,,,
1.0552585124969482,0.796875,31,12399,,,
1.0845330953598022,0.7578125,31,12449,,,
1.0886116027832031,0.7265625,31,12499,,,
,,31,12511,,,0.0009623203685930864
,,31,12511,0.9682808518409729,0.8116000294685364,
1.0303447246551514,0.7890625,32,12549,,,
1.1943155527114868,0.734375,32,12599,,,
1.059993863105774,0.7578125,32,12649,,,
1.1148014068603516,0.6953125,32,12699,,,
1.0440165996551514,0.7890625,32,12749,,,
1.1524324417114258,0.7421875,32,12799,,,
1.0852336883544922,0.7578125,32,12849,,,
1.133127212524414,0.7265625,32,12899,,,
,,32,12902,,,0.00095928853971357
,,32,12902,0.9637804627418518,0.8080999851226807,
1.0836399793624878,0.765625,33,12949,,,
1.0132302045822144,0.7734375,33,12999,,,
1.0339484214782715,0.765625,33,13049,,,
1.1952135562896729,0.7109375,33,13099,,,
1.128979206085205,0.7265625,33,13149,,,
1.1807810068130493,0.7109375,33,13199,,,
1.1243855953216553,0.7265625,33,13249,,,
,,33,13293,,,0.0009561446219345448
,,33,13293,0.9624780416488647,0.8075000047683716,
1.0815036296844482,0.7421875,34,13299,,,
1.1293442249298096,0.6875,34,13349,,,
1.1059582233428955,0.7265625,34,13399,,,
1.1202504634857178,0.7734375,34,13449,,,
1.1783027648925781,0.7265625,34,13499,,,
0.9864343404769897,0.828125,34,13549,,,
1.0689882040023804,0.7734375,34,13599,,,
1.176460862159729,0.6875,34,13649,,,
,,34,13684,,,0.0009528893909706791
,,34,13684,0.9704482555389404,0.8070999979972839,
1.0582921504974365,0.75,35,13699,,,
0.8697149753570557,0.8359375,35,13749,,,
1.0322695970535278,0.7890625,35,13799,,,
1.1090655326843262,0.75,35,13849,,,
1.0979907512664795,0.75,35,13899,,,
1.1498124599456787,0.71875,35,13949,,,
1.1330630779266357,0.734375,35,13999,,,
1.0089285373687744,0.7265625,35,14049,,,
,,35,14075,,,0.0009495236500015041
,,35,14075,0.9586244225502014,0.8131999969482422,
1.1472270488739014,0.734375,36,14099,,,
1.0504558086395264,0.734375,36,14149,,,
1.0020502805709839,0.7890625,36,14199,,,
1.1840815544128418,0.6796875,36,14249,,,
1.2161391973495483,0.7109375,36,14299,,,
1.0670746564865112,0.7734375,36,14349,,,
1.0958607196807861,0.734375,36,14399,,,
1.0609371662139893,0.7890625,36,14449,,,
,,36,14466,,,0.0009460482294732414
,,36,14466,0.9590457081794739,0.8095999956130981,
1.066880226135254,0.734375,37,14499,,,
1.1635246276855469,0.71875,37,14549,,,
1.128791093826294,0.734375,37,14599,,,
1.1548727750778198,0.75,37,14649,,,
1.1373285055160522,0.7109375,37,14699,,,
1.1370575428009033,0.71875,37,14749,,,
1.0888018608093262,0.7734375,37,14799,,,
1.1305534839630127,0.7421875,37,14849,,,
,,37,14857,,,0.0009424639868939027
,,37,14857,0.9423266649246216,0.8216999769210815,
1.15846848487854,0.703125,38,14899,,,
1.069486379623413,0.7890625,38,14949,,,
1.1531918048858643,0.7265625,38,14999,,,
1.049392580986023,0.7578125,38,15049,,,
1.011702060699463,0.78125,38,15099,,,
0.965224027633667,0.828125,38,15149,,,
1.1603450775146484,0.734375,38,15199,,,
,,38,15248,,,0.0009387718066217117
,,38,15248,0.9413305521011353,0.8162999749183655,
1.1034600734710693,0.71875,39,15249,,,
1.0957382917404175,0.765625,39,15299,,,
1.100271224975586,0.7421875,39,15349,,,
1.159409761428833,0.7265625,39,15399,,,
1.0078496932983398,0.8046875,39,15449,,,
0.9769187569618225,0.8125,39,15499,,,
1.0255941152572632,0.7578125,39,15549,,,
1.1121060848236084,0.75,39,15599,,,
,,39,15639,,,0.000934972599646904
,,39,15639,0.9419636726379395,0.8169999718666077,
1.1555222272872925,0.7265625,40,15649,,,
1.0212538242340088,0.8046875,40,15699,,,
0.9834816455841064,0.8125,40,15749,,,
1.0486302375793457,0.7421875,40,15799,,,
1.2095699310302734,0.671875,40,15849,,,
1.0803903341293335,0.765625,40,15899,,,
1.1608697175979614,0.6953125,40,15949,,,
1.0231190919876099,0.796875,40,15999,,,
,,40,16030,,,0.0009310673033669515
,,40,16030,0.9388210773468018,0.8215000033378601,
0.953747570514679,0.8125,41,16049,,,
1.0512409210205078,0.765625,41,16099,,,
1.0458922386169434,0.7734375,41,16149,,,
0.9488489627838135,0.8046875,41,16199,,,
0.9202953577041626,0.875,41,16249,,,
1.1834129095077515,0.671875,41,16299,,,
1.1066557168960571,0.75,41,16349,,,
1.1278915405273438,0.7421875,41,16399,,,
,,41,16421,,,0.0009270568813552751
,,41,16421,0.9563041925430298,0.8091999888420105,
1.0391534566879272,0.765625,42,16449,,,
1.0128461122512817,0.7734375,42,16499,,,
1.07008695602417,0.7421875,42,16549,,,
1.0549196004867554,0.765625,42,16599,,,
1.0260188579559326,0.78125,42,16649,,,
1.1638680696487427,0.734375,42,16699,,,
1.0958037376403809,0.7421875,42,16749,,,
1.022059440612793,0.7890625,42,16799,,,
,,42,16812,,,0.0009229423231234969
,,42,16812,0.9451385736465454,0.8187000155448914,
1.074263334274292,0.734375,43,16849,,,
0.9476915597915649,0.8203125,43,16899,,,
1.0214991569519043,0.8046875,43,16949,,,
1.2756366729736328,0.6796875,43,16999,,,
0.9913769960403442,0.796875,43,17049,,,
0.9949684143066406,0.78125,43,17099,,,
1.0749784708023071,0.7578125,43,17149,,,
1.0575608015060425,0.765625,43,17199,,,
,,43,17203,,,0.0009187246438772933
,,43,17203,0.927663266658783,0.8237000107765198,
1.0054715871810913,0.7734375,44,17249,,,
1.018530249595642,0.7734375,44,17299,,,
0.9878735542297363,0.796875,44,17349,,,
0.9763399362564087,0.828125,44,17399,,,
1.2725155353546143,0.671875,44,17449,,,
1.0495669841766357,0.765625,44,17499,,,
0.9850886464118958,0.8203125,44,17549,,,
,,44,17594,,,0.0009144048842659075
,,44,17594,0.9062759876251221,0.8364999890327454,
1.0103418827056885,0.78125,45,17599,,,
1.0365934371948242,0.765625,45,17649,,,
1.07649564743042,0.7265625,45,17699,,,
1.042362093925476,0.765625,45,17749,,,
1.0900198221206665,0.765625,45,17799,,,
1.0772931575775146,0.734375,45,17849,,,
1.0024858713150024,0.78125,45,17899,,,
0.8756141662597656,0.8359375,45,17949,,,
,,45,17985,,,0.0009099841101253861
,,45,17985,0.9155909419059753,0.83160001039505,
1.0141685009002686,0.75,46,17999,,,
1.0314867496490479,0.7578125,46,18049,,,
1.024387001991272,0.7734375,46,18099,,,
0.9813666939735413,0.7890625,46,18149,,,
1.0531904697418213,0.75,46,18199,,,
0.9799954891204834,0.7890625,46,18249,,,
1.055281162261963,0.7734375,46,18299,,,
1.0753878355026245,0.7578125,46,18349,,,
,,46,18376,,,0.0009054634122155986
,,46,18376,0.9117303490638733,0.8327000141143799,
1.0807032585144043,0.7578125,47,18399,,,
1.055433750152588,0.7421875,47,18449,,,
0.931908369064331,0.8125,47,18499,,,
1.1278643608093262,0.75,47,18549,,,
0.9690607786178589,0.8046875,47,18599,,,
1.1516071557998657,0.7265625,47,18649,,,
1.02915620803833,0.75,47,18699,,,
1.103663682937622,0.75,47,18749,,,
,,47,18767,,,0.0009008439059511095
,,47,18767,0.9285401105880737,0.8274000287055969,
1.025789499282837,0.796875,48,18799,,,
1.0061498880386353,0.8125,48,18849,,,
0.9337946176528931,0.828125,48,18899,,,
1.0417590141296387,0.7734375,48,18949,,,
1.0071814060211182,0.7890625,48,18999,,,
1.001318097114563,0.796875,48,19049,,,
1.0511448383331299,0.78125,48,19099,,,
1.050959825515747,0.7734375,48,19149,,,
,,48,19158,,,0.0008961267311259662
,,48,19158,0.8992012739181519,0.838699996471405,
0.8757052421569824,0.890625,49,19199,,,
1.0635645389556885,0.71875,49,19249,,,
1.181572675704956,0.734375,49,19299,,,
0.9841353297233582,0.8046875,49,19349,,,
1.0668693780899048,0.734375,49,19399,,,
0.930626392364502,0.828125,49,19449,,,
1.1510803699493408,0.71875,49,19499,,,
0.9179397821426392,0.875,49,19549,,,
,,49,19549,,,0.0008913130516324728
,,49,19549,0.9231929779052734,0.8294000029563904,
1.0184767246246338,0.7734375,50,19599,,,
1.0200735330581665,0.8046875,50,19649,,,
0.9951038956642151,0.8046875,50,19699,,,
0.9707522392272949,0.8203125,50,19749,,,
0.9838249683380127,0.765625,50,19799,,,
1.0187128782272339,0.7734375,50,19849,,,
1.048624873161316,0.75,50,19899,,,
,,50,19940,,,0.0008864040551740152
,,50,19940,0.9158072471618652,0.8346999883651733,
1.1152465343475342,0.7265625,51,19949,,,
0.9656263589859009,0.8125,51,19999,,,
0.9623653292655945,0.8203125,51,20049,,,
0.9507614374160767,0.828125,51,20099,,,
0.9916189908981323,0.8046875,51,20149,,,
1.032455325126648,0.765625,51,20199,,,
0.9959016442298889,0.7734375,51,20249,,,
0.9252245426177979,0.8125,51,20299,,,
,,51,20331,,,0.000881400952972015
,,51,20331,0.9015244245529175,0.8356000185012817,
1.1068735122680664,0.703125,52,20349,,,
1.1147211790084839,0.7265625,52,20399,,,
1.0895392894744873,0.78125,52,20449,,,
1.0398820638656616,0.7578125,52,20499,,,
1.0254679918289185,0.8046875,52,20549,,,
1.0631742477416992,0.7578125,52,20599,,,
1.0044827461242676,0.7890625,52,20649,,,
1.0080968141555786,0.78125,52,20699,,,
,,52,20722,,,0.0008763049794670771
,,52,20722,0.897383987903595,0.8379999995231628,
0.9383443593978882,0.8125,53,20749,,,
1.0158326625823975,0.78125,53,20799,,,
1.0236088037490845,0.7578125,53,20849,,,
0.9264718294143677,0.828125,53,20899,,,
1.0057076215744019,0.7890625,53,20949,,,
0.9997944235801697,0.765625,53,20999,,,
0.9703382849693298,0.8203125,53,21049,,,
1.0649518966674805,0.7734375,53,21099,,,
,,53,21113,,,0.0008711173920144113
,,53,21113,0.8915820121765137,0.8446000218391418,
1.1387391090393066,0.7578125,54,21149,,,
0.9901207685470581,0.8046875,54,21199,,,
1.1076159477233887,0.734375,54,21249,,,
1.106997013092041,0.7421875,54,21299,,,
1.0790846347808838,0.765625,54,21349,,,
0.9879717826843262,0.8359375,54,21399,,,
0.9689419269561768,0.7734375,54,21449,,,
1.0134179592132568,0.8046875,54,21499,,,
,,54,21504,,,0.0008658394705735983
,,54,21504,0.8940261602401733,0.8389999866485596,
0.9947342872619629,0.8046875,55,21549,,,
0.8601332902908325,0.84375,55,21599,,,
0.9951952695846558,0.8046875,55,21649,,,
0.9932265281677246,0.8046875,55,21699,,,
0.9817194938659668,0.7890625,55,21749,,,
0.9978307485580444,0.8046875,55,21799,,,
0.8779336214065552,0.84375,55,21849,,,
,,55,21895,,,0.0008604725173927781
,,55,21895,0.8941818475723267,0.838100016117096,
0.9034048914909363,0.8359375,56,21899,,,
0.9704727530479431,0.7890625,56,21949,,,
1.0968692302703857,0.7578125,56,21999,,,
0.9955068826675415,0.796875,56,22049,,,
1.0370702743530273,0.8046875,56,22099,,,
0.9911700487136841,0.828125,56,22149,,,
0.8974844813346863,0.8359375,56,22199,,,
1.1022708415985107,0.734375,56,22249,,,
,,56,22286,,,0.0008550178566873405
,,56,22286,0.8878524303436279,0.8449000120162964,
1.0829033851623535,0.765625,57,22299,,,
1.0660712718963623,0.7578125,57,22349,,,
0.9628583788871765,0.828125,57,22399,,,
1.035826325416565,0.78125,57,22449,,,
0.9631815552711487,0.8203125,57,22499,,,
0.9647536277770996,0.8125,57,22549,,,
0.8998327255249023,0.859375,57,22599,,,
0.9397141337394714,0.8046875,57,22649,,,
,,57,22677,,,0.0008494768343131951
,,57,22677,0.88031005859375,0.8453999757766724,
1.1055278778076172,0.75,58,22699,,,
1.004085898399353,0.78125,58,22749,,,
0.8799492120742798,0.8125,58,22799,,,
0.9417339563369751,0.8046875,58,22849,,,
1.0491893291473389,0.7578125,58,22899,,,
1.0412291288375854,0.734375,58,22949,,,
0.9378572702407837,0.828125,58,22999,,,
1.0238977670669556,0.7890625,58,23049,,,
,,58,23068,,,0.0008438508174347005
,,58,23068,0.8947062492370605,0.8378999829292297,
1.0390563011169434,0.734375,59,23099,,,
0.8636977672576904,0.8671875,59,23149,,,
0.9729169011116028,0.8046875,59,23199,,,
0.9561848044395447,0.8046875,59,23249,,,
1.0439889430999756,0.78125,59,23299,,,
1.0832931995391846,0.765625,59,23349,,,
1.0388952493667603,0.8203125,59,23399,,,
1.119769811630249,0.7421875,59,23449,,,
,,59,23459,,,0.0008381411941873374
,,59,23459,0.8833308815956116,0.84579998254776,
0.9833478331565857,0.7734375,60,23499,,,
1.0069878101348877,0.7890625,60,23549,,,
0.9503751397132874,0.796875,60,23599,,,
1.0215511322021484,0.8125,60,23649,,,
0.984997034072876,0.7890625,60,23699,,,
0.9083784818649292,0.8203125,60,23749,,,
0.9446082711219788,0.796875,60,23799,,,
0.9884665012359619,0.7890625,60,23849,,,
,,60,23850,,,0.0008323493733352073
,,60,23850,0.8864790797233582,0.8421000242233276,
0.8992697596549988,0.84375,61,23899,,,
1.1194074153900146,0.7265625,61,23949,,,
1.0019060373306274,0.78125,61,23999,,,
0.971569299697876,0.828125,61,24049,,,
0.9749605655670166,0.8125,61,24099,,,
0.9275525808334351,0.8203125,61,24149,,,
1.0133837461471558,0.7890625,61,24199,,,
,,61,24241,,,0.0008264767839234405
,,61,24241,0.8632867932319641,0.8554999828338623,
0.9307861924171448,0.8046875,62,24249,,,
0.9497281908988953,0.8203125,62,24299,,,
0.9685993194580078,0.796875,62,24349,,,
0.8815914392471313,0.875,62,24399,,,
0.9079272747039795,0.84375,62,24449,,,
0.9708962440490723,0.7890625,62,24499,,,
0.9994246363639832,0.8203125,62,24549,,,
0.9579522013664246,0.7734375,62,24599,,,
,,62,24632,,,0.000820524874925601
,,62,24632,0.8701595664024353,0.8500999808311462,
1.0440194606781006,0.765625,63,24649,,,
0.9557185769081116,0.8203125,63,24699,,,
0.9872834086418152,0.78125,63,24749,,,
1.130849838256836,0.7421875,63,24799,,,
1.024724006652832,0.8046875,63,24849,,,
0.9369809031486511,0.84375,63,24899,,,
0.9608941078186035,0.8203125,63,24949,,,
0.9224609136581421,0.8203125,63,24999,,,
,,63,25023,,,0.0008144951148861737
,,63,25023,0.8731986284255981,0.8479999899864197,
0.9207173585891724,0.8125,64,25049,,,
1.1728332042694092,0.71875,64,25099,,,
0.9727458357810974,0.7890625,64,25149,,,
0.9604529738426208,0.8125,64,25199,,,
0.9304955005645752,0.828125,64,25249,,,
0.9811717867851257,0.78125,64,25299,,,
1.046581506729126,0.78125,64,25349,,,
0.9216161966323853,0.8515625,64,25399,,,
,,64,25414,,,0.0008083889915582231
,,64,25414,0.8674675822257996,0.8514999747276306,
1.0012164115905762,0.796875,65,25449,,,
0.975157618522644,0.828125,65,25499,,,
0.9667612314224243,0.8046875,65,25549,,,
0.96446692943573,0.7890625,65,25599,,,
1.0515919923782349,0.765625,65,25649,,,
1.0236519575119019,0.8046875,65,25699,,,
1.112015724182129,0.8046875,65,25749,,,
0.8686938285827637,0.8515625,65,25799,,,
,,65,25805,,,0.0008022080115363123
,,65,25805,0.8683297038078308,0.8518000245094299,
0.842650294303894,0.8671875,66,25849,,,
0.9638392925262451,0.8046875,66,25899,,,
0.9641460180282593,0.8125,66,25949,,,
0.9654674530029297,0.8046875,66,25999,,,
0.9312162399291992,0.8359375,66,26049,,,
0.992673397064209,0.7890625,66,26099,,,
0.9124820232391357,0.8359375,66,26149,,,
,,66,26196,,,0.0007959536998847739
,,66,26196,0.8704259991645813,0.8526999950408936,
0.9505245089530945,0.8359375,67,26199,,,
1.0118250846862793,0.796875,67,26249,,,
0.9239046573638916,0.8046875,67,26299,,,
0.9265674352645874,0.7890625,67,26349,,,
1.006223201751709,0.7890625,67,26399,,,
1.025827169418335,0.765625,67,26449,,,
0.8708218336105347,0.8671875,67,26499,,,
0.8758655786514282,0.84375,67,26549,,,
,,67,26587,,,0.0007896275997614226
,,67,26587,0.87787264585495,0.8483999967575073,
0.8645954132080078,0.8671875,68,26599,,,
1.0927388668060303,0.75,68,26649,,,
1.002362847328186,0.7734375,68,26699,,,
0.8688052892684937,0.8671875,68,26749,,,
0.9254431128501892,0.8125,68,26799,,,
0.8453233242034912,0.8515625,68,26849,,,
0.9610745906829834,0.8046875,68,26899,,,
0.9960401058197021,0.7734375,68,26949,,,
,,68,26978,,,0.0007832312720368044
,,68,26978,0.8532609343528748,0.861299991607666,
1.0800844430923462,0.7890625,69,26999,,,
0.839879035949707,0.890625,69,27049,,,
1.018830418586731,0.7578125,69,27099,,,
1.0082378387451172,0.8046875,69,27149,,,
0.9389929175376892,0.8125,69,27199,,,
0.9150655269622803,0.828125,69,27249,,,
0.9102917313575745,0.8359375,69,27299,,,
0.8155677914619446,0.875,69,27349,,,
,,69,27369,,,0.0007767662949090749
,,69,27369,0.8650304675102234,0.8517000079154968,
1.0153329372406006,0.8046875,70,27399,,,
0.9246454238891602,0.7578125,70,27449,,,
0.8328779339790344,0.8671875,70,27499,,,
1.0283658504486084,0.78125,70,27549,,,
0.937674343585968,0.796875,70,27599,,,
0.913612425327301,0.828125,70,27649,,,
0.9987176060676575,0.765625,70,27699,,,
1.0623939037322998,0.7578125,70,27749,,,
,,70,27760,,,0.000770234263514603
,,70,27760,0.8603239059448242,0.8574000000953674,
0.9173465371131897,0.796875,71,27799,,,
1.0073440074920654,0.7890625,71,27849,,,
0.9708586931228638,0.8046875,71,27899,,,
0.9849561452865601,0.7890625,71,27949,,,
1.018342137336731,0.765625,71,27999,,,
0.8648414015769958,0.8671875,71,28049,,,
0.9602270126342773,0.7734375,71,28099,,,
1.0327937602996826,0.765625,71,28149,,,
,,71,28151,,,0.0007636367895343944
,,71,28151,0.8688746094703674,0.852400004863739,
0.9275258779525757,0.8359375,72,28199,,,
0.9423171877861023,0.796875,72,28249,,,
1.009513020515442,0.796875,72,28299,,,
0.9559940099716187,0.8046875,72,28349,,,
0.9272969961166382,0.78125,72,28399,,,
0.9586539268493652,0.8125,72,28449,,,
0.972271740436554,0.7890625,72,28499,,,
,,72,28542,,,0.0007569755007964335
,,72,28542,0.8686395287513733,0.8514000177383423,
0.9155968427658081,0.8359375,73,28549,,,
0.8882677555084229,0.8515625,73,28599,,,
1.0018123388290405,0.75,73,28649,,,
0.8741037249565125,0.8515625,73,28699,,,
0.8894361257553101,0.8359375,73,28749,,,
0.9546900987625122,0.796875,73,28799,,,
0.962597131729126,0.828125,73,28849,,,
1.0077621936798096,0.7734375,73,28899,,,
,,73,28933,,,0.0007502520408740415
,,73,28933,0.8619915843009949,0.8550000190734863,
0.9784484505653381,0.8359375,74,28949,,,
0.9226548671722412,0.8046875,74,28999,,,
1.020599365234375,0.8046875,74,29049,,,
0.8904682397842407,0.828125,74,29099,,,
1.0533483028411865,0.78125,74,29149,,,
0.9491053819656372,0.8515625,74,29199,,,
1.0352783203125,0.7890625,74,29249,,,
1.011566400527954,0.7734375,74,29299,,,
,,74,29324,,,0.0007434680686803488
,,74,29324,0.846454381942749,0.8618999719619751,
0.8813730478286743,0.8359375,75,29349,,,
0.8376221060752869,0.8671875,75,29399,,,
1.050162672996521,0.7578125,75,29449,,,
0.9900898933410645,0.8125,75,29499,,,
0.9527223110198975,0.828125,75,29549,,,
0.9775036573410034,0.8046875,75,29599,,,
0.9177969694137573,0.796875,75,29649,,,
0.9315950870513916,0.8203125,75,29699,,,
,,75,29715,,,0.0007366252580589837
,,75,29715,0.8437409996986389,0.8644000291824341,
1.0617008209228516,0.75,76,29749,,,
0.9324736595153809,0.7890625,76,29799,,,
0.9232863187789917,0.8203125,76,29849,,,
0.8998622894287109,0.828125,76,29899,,,
0.9147024154663086,0.8515625,76,29949,,,
0.8985010385513306,0.84375,76,29999,,,
0.9609162211418152,0.8203125,76,30049,,,
0.9621813893318176,0.796875,76,30099,,,
,,76,30106,,,0.0007297252973710754
,,76,30106,0.8459145426750183,0.8611000180244446,
1.0008659362792969,0.8203125,77,30149,,,
0.9665170311927795,0.8046875,77,30199,,,
1.0406436920166016,0.7734375,77,30249,,,
0.878622829914093,0.8671875,77,30299,,,
0.9770045280456543,0.8203125,77,30349,,,
1.0477076768875122,0.7421875,77,30399,,,
0.8998075127601624,0.8671875,77,30449,,,
,,77,30497,,,0.0007227698890786777
,,77,30497,0.8448501825332642,0.8640999794006348,
0.8962560892105103,0.796875,78,30499,,,
0.9594666957855225,0.8125,78,30549,,,
0.8016929626464844,0.875,78,30599,,,
0.9173255562782288,0.8125,78,30649,,,
0.9000441431999207,0.859375,78,30699,,,
0.9741551876068115,0.8125,78,30749,,,
0.8820830583572388,0.859375,78,30799,,,
0.926668643951416,0.8515625,78,30849,,,
,,78,30888,,,0.0007157607493247108
,,78,30888,0.8589497208595276,0.8528000116348267,
0.9274413585662842,0.8046875,79,30899,,,
0.9260352849960327,0.8125,79,30949,,,
0.9048221111297607,0.8359375,79,30999,,,
0.8389478325843811,0.8671875,79,31049,,,
0.8688113689422607,0.8828125,79,31099,,,
0.9215317964553833,0.84375,79,31149,,,
0.8128163814544678,0.859375,79,31199,,,
1.0100867748260498,0.7890625,79,31249,,,
,,79,31279,,,0.0007086996075095287
,,79,31279,0.8428999781608582,0.863099992275238,
0.8267621994018555,0.8828125,80,31299,,,
0.8066647052764893,0.8828125,80,31349,,,
0.886749267578125,0.859375,80,31399,,,
0.8792508840560913,0.8671875,80,31449,,,
0.923770546913147,0.828125,80,31499,,,
0.8752589225769043,0.875,80,31549,,,
0.9635978937149048,0.8203125,80,31599,,,
0.9158532619476318,0.8515625,80,31649,,,
,,80,31670,,,0.0007015882058642161
,,80,31670,0.8541734218597412,0.8571000099182129,
0.892181396484375,0.828125,81,31699,,,
1.011483907699585,0.7890625,81,31749,,,
0.9358652830123901,0.8515625,81,31799,,,
0.896930992603302,0.828125,81,31849,,,
1.0135904550552368,0.7734375,81,31899,,,
0.9937690496444702,0.78125,81,31949,,,
0.952241063117981,0.796875,81,31999,,,
0.9730343222618103,0.8203125,81,32049,,,
,,81,32061,,,0.0006944282990207193
,,81,32061,0.8484363555908203,0.8629999756813049,
0.8073350191116333,0.890625,82,32099,,,
0.9895032644271851,0.796875,82,32149,,,
0.8809688687324524,0.8515625,82,32199,,,
0.914437472820282,0.828125,82,32249,,,
0.9299992322921753,0.8125,82,32299,,,
0.8539048433303833,0.8671875,82,32349,,,
0.8682443499565125,0.8515625,82,32399,,,
0.9196692109107971,0.8125,82,32449,,,
,,82,32452,,,0.0006872216535789155
,,82,32452,0.8440034985542297,0.8636000156402588,
0.9352853894233704,0.8125,83,32499,,,
0.8766118288040161,0.8515625,83,32549,,,
0.8625925779342651,0.8671875,83,32599,,,
0.8319783210754395,0.8828125,83,32649,,,
0.8782813549041748,0.859375,83,32699,,,
0.947284460067749,0.8125,83,32749,,,
0.7956567406654358,0.890625,83,32799,,,
,,83,32843,,,0.0006799700476707321
,,83,32843,0.8309109210968018,0.8694000244140625,
0.9682918190956116,0.796875,84,32849,,,
1.0431421995162964,0.75,84,32899,,,
1.0120036602020264,0.78125,84,32949,,,
0.8415332436561584,0.8515625,84,32999,,,
0.9040935039520264,0.8359375,84,33049,,,
0.8534743785858154,0.8359375,84,33099,,,
0.9066665172576904,0.8203125,84,33149,,,
1.0697864294052124,0.75,84,33199,,,
,,84,33234,,,0.0006726752705214191
,,84,33234,0.8452320098876953,0.8616999983787537,
0.8615177273750305,0.828125,85,33249,,,
0.946811318397522,0.8125,85,33299,,,
0.8934053778648376,0.8046875,85,33349,,,
0.8344132304191589,0.8671875,85,33399,,,
1.0728092193603516,0.75,85,33449,,,
0.901611864566803,0.8203125,85,33499,,,
0.9196986556053162,0.8203125,85,33549,,,
0.8236453533172607,0.875,85,33599,,,
,,85,33625,,,0.0006653391220080838
,,85,33625,0.858784556388855,0.8555999994277954,
0.9317812919616699,0.8203125,86,33649,,,
0.9460347890853882,0.828125,86,33699,,,
0.9176244735717773,0.8359375,86,33749,,,
0.8872364163398743,0.859375,86,33799,,,
0.8713287115097046,0.8515625,86,33849,,,
0.8264279961585999,0.84375,86,33899,,,
0.8345189690589905,0.875,86,33949,,,
0.8855807781219482,0.84375,86,33999,,,
,,86,34016,,,0.0006579634122155988
,,86,34016,0.8358137011528015,0.8664000034332275,
0.8995431661605835,0.8359375,87,34049,,,
0.8962214589118958,0.84375,87,34099,,,
0.9238717555999756,0.7890625,87,34149,,,
0.930406928062439,0.828125,87,34199,,,
0.9650293588638306,0.8203125,87,34249,,,
0.8340806365013123,0.8671875,87,34299,,,
0.8610543608665466,0.8359375,87,34349,,,
0.8088642358779907,0.875,87,34399,,,
,,87,34407,,,0.0006505499609899903
,,87,34407,0.8353021740913391,0.8652999997138977,
0.9175469279289246,0.8046875,88,34449,,,
0.9287886023521423,0.8203125,88,34499,,,
0.7965195775032043,0.8828125,88,34549,,,
0.8483562469482422,0.8515625,88,34599,,,
0.9699757695198059,0.8046875,88,34649,,,
0.9328427314758301,0.796875,88,34699,,,
0.927935004234314,0.84375,88,34749,,,
,,88,34798,,,0.0006431005974894184
,,88,34798,0.840305745601654,0.8669000267982483,
0.9002169370651245,0.84375,89,34799,,,
0.8405601978302002,0.84375,89,34849,,,
0.8823835849761963,0.84375,89,34899,,,
0.908340573310852,0.8046875,89,34949,,,
0.8740524053573608,0.875,89,34999,,,
1.0299447774887085,0.75,89,35049,,,
0.9194861650466919,0.828125,89,35099,,,
0.8965766429901123,0.84375,89,35149,,,
,,89,35189,,,0.0006356171597328593
,,89,35189,0.8305396437644958,0.8708999752998352,
0.9805352687835693,0.8203125,90,35199,,,
0.9686736464500427,0.7734375,90,35249,,,
0.8348742127418518,0.875,90,35299,,,
0.8967404961585999,0.8203125,90,35349,,,
0.8590043783187866,0.859375,90,35399,,,
0.9454455971717834,0.84375,90,35449,,,
0.8844267725944519,0.8359375,90,35499,,,
0.9909062385559082,0.7578125,90,35549,,,
,,90,35580,,,0.0006281014941466028
,,90,35580,0.8276675939559937,0.8709999918937683,
0.9233852624893188,0.828125,91,35599,,,
0.8772516250610352,0.8125,91,35649,,,
0.855700671672821,0.8203125,91,35699,,,
0.8157831430435181,0.8671875,91,35749,,,
0.9224711656570435,0.8359375,91,35799,,,
0.9227631688117981,0.8515625,91,35849,,,
0.9275816679000854,0.796875,91,35899,,,
0.9005687236785889,0.828125,91,35949,,,
,,91,35971,,,0.000620555455108673
,,91,35971,0.8231828212738037,0.8770999908447266,
0.8725641965866089,0.8671875,92,35999,,,
0.8754065632820129,0.84375,92,36049,,,
0.8760913014411926,0.828125,92,36099,,,
0.9791967272758484,0.8046875,92,36149,,,
0.9456366300582886,0.8046875,92,36199,,,
0.8124229907989502,0.8828125,92,36249,,,
0.8942046165466309,0.8671875,92,36299,,,
0.7732012867927551,0.8984375,92,36349,,,
,,92,36362,,,0.0006129809044912885
,,92,36362,0.8308363556861877,0.8693000078201294,
0.758212685585022,0.921875,93,36399,,,
0.8451919555664062,0.890625,93,36449,,,
0.9130072593688965,0.8125,93,36499,,,
0.9251629710197449,0.78125,93,36549,,,
0.8491290211677551,0.8671875,93,36599,,,
0.9071147441864014,0.8359375,93,36649,,,
0.8198039531707764,0.875,93,36699,,,
0.8841057419776917,0.8359375,93,36749,,,
,,93,36753,,,0.0006053797112014735
,,93,36753,0.8330327868461609,0.8691999912261963,
1.0369963645935059,0.796875,94,36799,,,
0.8706390857696533,0.859375,94,36849,,,
0.8955528736114502,0.8046875,94,36899,,,
0.8464219570159912,0.8515625,94,36949,,,
0.8673096895217896,0.859375,94,36999,,,
0.9363143444061279,0.8125,94,37049,,,
0.9289005994796753,0.84375,94,37099,,,
,,94,37144,,,0.0005977537507199336
,,94,37144,0.8382847905158997,0.8650000095367432,
0.8209419250488281,0.875,95,37149,,,
0.9010850191116333,0.8359375,95,37199,,,
0.8888077735900879,0.84375,95,37249,,,
0.9051888585090637,0.828125,95,37299,,,
0.8652557134628296,0.859375,95,37349,,,
0.9104366302490234,0.8046875,95,37399,,,
0.85410475730896,0.8671875,95,37449,,,
0.8844733238220215,0.84375,95,37499,,,
,,95,37535,,,0.0005901049046383074
,,95,37535,0.8204414248466492,0.8729000091552734,
0.8252590894699097,0.8984375,96,37549,,,
0.8432630300521851,0.84375,96,37599,,,
0.8759484887123108,0.8359375,96,37649,,,
0.9141165018081665,0.8046875,96,37699,,,
0.8646847009658813,0.859375,96,37749,,,
0.8845720291137695,0.8515625,96,37799,,,
0.9520938396453857,0.8203125,96,37849,,,
0.9803993701934814,0.8046875,96,37899,,,
,,96,37926,,,0.0005824350601949141
,,96,37926,0.8295358419418335,0.871999979019165,
0.8660720586776733,0.859375,97,37949,,,
0.8740887641906738,0.84375,97,37999,,,
0.7923018932342529,0.859375,97,38049,,,
0.8802742958068848,0.84375,97,38099,,,
0.8519969582557678,0.8515625,97,38149,,,
0.8552758693695068,0.875,97,38199,,,
0.9193057417869568,0.8125,97,38249,,,
0.8913145065307617,0.8515625,97,38299,,,
,,97,38317,,,0.0005747461098091033
,,97,38317,0.820124626159668,0.8736000061035156,
0.7660899758338928,0.890625,98,38349,,,
0.8569127321243286,0.8359375,98,38399,,,
0.8355146050453186,0.890625,98,38449,,,
0.8505690097808838,0.875,98,38499,,,
0.896511971950531,0.828125,98,38549,,,
0.9129538536071777,0.8359375,98,38599,,,
0.8363742828369141,0.859375,98,38649,,,
0.9163568615913391,0.8125,98,38699,,,
,,98,38708,,,0.0005670399506143305
,,98,38708,0.8162422776222229,0.8762000203132629,
0.7521939277648926,0.90625,99,38749,,,
0.9025304913520813,0.8671875,99,38799,,,
0.873719334602356,0.8671875,99,38849,,,
0.8451839089393616,0.84375,99,38899,,,
0.8313418626785278,0.8828125,99,38949,,,
0.9517292380332947,0.8046875,99,38999,,,
0.8210039138793945,0.875,99,39049,,,
0.8404272198677063,0.875,99,39099,,,
,,99,39099,,,0.0005593184839900673
,,99,39099,0.8155316114425659,0.878000020980835,
0.9695479869842529,0.796875,100,39149,,,
0.9076005220413208,0.8203125,100,39199,,,
0.9269508123397827,0.8515625,100,39249,,,
0.9402838349342346,0.8203125,100,39299,,,
0.8650811910629272,0.859375,100,39349,,,
0.9119735956192017,0.796875,100,39399,,,
0.8243647217750549,0.875,100,39449,,,
,,100,39490,,,0.0005515836150926644
,,100,39490,0.8216965794563293,0.8747000098228455,
0.8137502670288086,0.8828125,101,39499,,,
0.8418352007865906,0.8671875,101,39549,,,
0.8804901838302612,0.828125,101,39599,,,
0.7985150814056396,0.8828125,101,39649,,,
0.8323917984962463,0.875,101,39699,,,
0.7770905494689941,0.9140625,101,39749,,,
0.9792039394378662,0.78125,101,39799,,,
0.7615038156509399,0.8984375,101,39849,,,
,,101,39881,,,0.0005438372523852832
,,101,39881,0.8166586756706238,0.8748000264167786,
0.8656479120254517,0.8203125,102,39899,,,
0.8615357279777527,0.8515625,102,39949,,,
0.8360306024551392,0.8671875,102,39999,,,
0.8807094097137451,0.859375,102,40049,,,
0.8555784225463867,0.8671875,102,40099,,,
0.8557605743408203,0.8515625,102,40149,,,
0.7952640056610107,0.890625,102,40199,,,
0.7971466183662415,0.9296875,102,40249,,,
,,102,40272,,,0.00053608130716701
,,102,40272,0.8178437948226929,0.8772000074386597,
0.884691596031189,0.8359375,103,40299,,,
0.8176978826522827,0.8671875,103,40349,,,
0.8269906044006348,0.875,103,40399,,,
0.9430028200149536,0.796875,103,40449,,,
0.807827353477478,0.9140625,103,40499,,,
0.8839643001556396,0.859375,103,40549,,,
0.8268165588378906,0.875,103,40599,,,
0.801689863204956,0.90625,103,40649,,,
,,103,40663,,,0.0005283176931012729
,,103,40663,0.8194820284843445,0.8733999729156494,
0.8800182342529297,0.828125,104,40699,,,
0.8162741661071777,0.90625,104,40749,,,
0.8109456300735474,0.890625,104,40799,,,
0.8358640074729919,0.8828125,104,40849,,,
0.8209738731384277,0.90625,104,40899,,,
0.8742626905441284,0.8203125,104,40949,,,
0.7992136478424072,0.90625,104,40999,,,
0.9176247119903564,0.8203125,104,41049,,,
,,104,41054,,,0.0005205483257436734
,,104,41054,0.8313243389129639,0.8705000281333923,
0.8319673538208008,0.8828125,105,41099,,,
0.8994969725608826,0.8359375,105,41149,,,
0.8932597637176514,0.8359375,105,41199,,,
0.8284995555877686,0.859375,105,41249,,,
0.8455812931060791,0.8359375,105,41299,,,
0.9048861861228943,0.8359375,105,41349,,,
0.8611631393432617,0.8515625,105,41399,,,
,,105,41445,,,0.0005127751220693511
,,105,41445,0.8096816539764404,0.8804000020027161,
0.9329346418380737,0.8359375,106,41449,,,
0.8407633304595947,0.859375,106,41499,,,
0.7863508462905884,0.890625,106,41549,,,
0.7852040529251099,0.8671875,106,41599,,,
0.8217597603797913,0.8671875,106,41649,,,
0.8700258135795593,0.84375,106,41699,,,
0.8836843967437744,0.859375,106,41749,,,
0.8112226724624634,0.9140625,106,41799,,,
,,106,41836,,,0.0005049999999999998
,,106,41836,0.8186453580856323,0.8755999803543091,
0.8216842412948608,0.8671875,107,41849,,,
0.9029474258422852,0.8046875,107,41899,,,
0.8843380808830261,0.8515625,107,41949,,,
0.8518069982528687,0.859375,107,41999,,,
0.8571130633354187,0.875,107,42049,,,
0.821223258972168,0.8515625,107,42099,,,
0.7806858420372009,0.875,107,42149,,,
0.8909117579460144,0.875,107,42199,,,
,,107,42227,,,0.0004972248779306486
,,107,42227,0.8177319169044495,0.8766000270843506,
0.7782621383666992,0.8828125,108,42249,,,
0.9039788842201233,0.84375,108,42299,,,
0.8063387274742126,0.8828125,108,42349,,,
0.893646776676178,0.828125,108,42399,,,
0.7169325947761536,0.921875,108,42449,,,
0.8892790079116821,0.859375,108,42499,,,
0.8484039306640625,0.8671875,108,42549,,,
0.87682044506073,0.84375,108,42599,,,
,,108,42618,,,0.0004894516742563262
,,108,42618,0.8115517497062683,0.8812000155448914,
0.9049458503723145,0.828125,109,42649,,,
0.8280748724937439,0.8671875,109,42699,,,
0.7859441041946411,0.890625,109,42749,,,
0.8992490172386169,0.8359375,109,42799,,,
0.9000661373138428,0.8359375,109,42849,,,
0.8176802396774292,0.875,109,42899,,,
0.933765172958374,0.8359375,109,42949,,,
0.8722720146179199,0.84375,109,42999,,,
,,109,43009,,,0.00048168230689872663
,,109,43009,0.8276427984237671,0.8726000189781189,
0.9004185199737549,0.8203125,110,43049,,,
0.8984514474868774,0.84375,110,43099,,,
0.9473258852958679,0.8046875,110,43149,,,
0.7852295637130737,0.8828125,110,43199,,,
0.8377953767776489,0.875,110,43249,,,
0.8297815322875977,0.859375,110,43299,,,
0.8913888931274414,0.84375,110,43349,,,
0.8497500419616699,0.875,110,43399,,,
,,110,43400,,,0.0004739186928329896
,,110,43400,0.815569281578064,0.8794000148773193,
0.8665738105773926,0.8359375,111,43449,,,
0.8514652252197266,0.84375,111,43499,,,
0.7772618532180786,0.8828125,111,43549,,,
0.9004660844802856,0.8203125,111,43599,,,
0.7891236543655396,0.890625,111,43649,,,
0.841195821762085,0.8515625,111,43699,,,
0.7633633613586426,0.875,111,43749,,,
,,111,43791,,,0.00046616274761471655
,,111,43791,0.8101502060890198,0.8816999793052673,
0.7269690036773682,0.90625,112,43799,,,
0.785822868347168,0.8828125,112,43849,,,
0.9188119769096375,0.828125,112,43899,,,
0.8567660450935364,0.859375,112,43949,,,
0.7741156816482544,0.890625,112,43999,,,
0.8583352565765381,0.8671875,112,44049,,,
0.8101109266281128,0.859375,112,44099,,,
0.8057966232299805,0.875,112,44149,,,
,,112,44182,,,0.0004584163849073352
,,112,44182,0.8123506307601929,0.8812999725341797,
0.8658826351165771,0.84375,113,44199,,,
0.8016328811645508,0.8828125,113,44249,,,
0.7061297297477722,0.9375,113,44299,,,
0.8118290901184082,0.8828125,113,44349,,,
0.9009739756584167,0.8125,113,44399,,,
0.8068364858627319,0.8671875,113,44449,,,
0.9343266487121582,0.828125,113,44499,,,
0.8300638198852539,0.890625,113,44549,,,
,,113,44573,,,0.0004506815160099324
,,113,44573,0.8052021265029907,0.8815000057220459,
0.6830088496208191,0.9296875,114,44599,,,
0.8476812839508057,0.8671875,114,44649,,,
0.8430798649787903,0.875,114,44699,,,
0.8570873141288757,0.8828125,114,44749,,,
0.7526555061340332,0.890625,114,44799,,,
0.8167634606361389,0.8828125,114,44849,,,
0.7776990532875061,0.8984375,114,44899,,,
0.7567074298858643,0.890625,114,44949,,,
,,114,44964,,,0.0004429600493856693
,,114,44964,0.8087674975395203,0.8847000002861023,
0.8298692107200623,0.84375,115,44999,,,
0.8296326398849487,0.875,115,45049,,,
0.8803554177284241,0.859375,115,45099,,,
0.814152717590332,0.84375,115,45149,,,
0.7650755643844604,0.90625,115,45199,,,
0.8361316919326782,0.875,115,45249,,,
0.7973551750183105,0.875,115,45299,,,
0.814018964767456,0.8515625,115,45349,,,
,,115,45355,,,0.00043525389019089656
,,115,45355,0.8199366331100464,0.8744999766349792,
0.7832940816879272,0.890625,116,45399,,,
0.8227784633636475,0.8828125,116,45449,,,
0.8108829259872437,0.875,116,45499,,,
0.7958985567092896,0.890625,116,45549,,,
0.9922604560852051,0.7890625,116,45599,,,
0.8771538138389587,0.8515625,116,45649,,,
0.7502716779708862,0.90625,116,45699,,,
,,116,45746,,,0.0004275649398050856
,,116,45746,0.8112884759902954,0.8801000118255615,
0.861507773399353,0.8828125,117,45749,,,
0.9100052714347839,0.84375,117,45799,,,
0.8019987940788269,0.890625,117,45849,,,
0.7911608815193176,0.890625,117,45899,,,
0.7591471672058105,0.90625,117,45949,,,
0.8036277294158936,0.875,117,45999,,,
0.7805845737457275,0.90625,117,46049,,,
0.7736451625823975,0.8984375,117,46099,,,
,,117,46137,,,0.0004198950953616921
,,117,46137,0.8105164170265198,0.8801000118255615,
0.8883826732635498,0.828125,118,46149,,,
0.8769875764846802,0.84375,118,46199,,,
0.8331174850463867,0.859375,118,46249,,,
0.7812559604644775,0.8828125,118,46299,,,
0.926398515701294,0.859375,118,46349,,,
0.8263808488845825,0.8828125,118,46399,,,
0.7741405963897705,0.90625,118,46449,,,
0.790349006652832,0.8984375,118,46499,,,
,,118,46528,,,0.0004122462492800662
,,118,46528,0.8250263929367065,0.8752999901771545,
0.8493834733963013,0.8671875,119,46549,,,
0.969170331954956,0.8046875,119,46599,,,
0.811263918876648,0.8671875,119,46649,,,
0.7541024684906006,0.9140625,119,46699,,,
0.7796629071235657,0.8828125,119,46749,,,
0.770224928855896,0.8984375,119,46799,,,
0.8775306940078735,0.84375,119,46849,,,
0.8049877882003784,0.8984375,119,46899,,,
,,119,46919,,,0.0004046202887985263
,,119,46919,0.8107778429985046,0.8806999921798706,
0.7637320160865784,0.890625,120,46949,,,
0.8047739267349243,0.875,120,46999,,,
0.8404887318611145,0.84375,120,47049,,,
0.9348301887512207,0.8359375,120,47099,,,
0.7496969699859619,0.9296875,120,47149,,,
0.705133318901062,0.921875,120,47199,,,
0.7714095115661621,0.921875,120,47249,,,
0.7536603808403015,0.921875,120,47299,,,
,,120,47310,,,0.0003970190955087115
,,120,47310,0.8107653260231018,0.8805999755859375,
0.7887507677078247,0.8828125,121,47349,,,
0.8843698501586914,0.828125,121,47399,,,
0.9361458420753479,0.828125,121,47449,,,
0.8571311235427856,0.8671875,121,47499,,,
0.7578721046447754,0.8828125,121,47549,,,
0.8211753368377686,0.890625,121,47599,,,
0.9096275568008423,0.84375,121,47649,,,
0.8970562815666199,0.8203125,121,47699,,,
,,121,47701,,,0.0003894445448913267
,,121,47701,0.8058950304985046,0.8838000297546387,
0.8508901596069336,0.8671875,122,47749,,,
0.8062984347343445,0.8671875,122,47799,,,
0.848734438419342,0.8515625,122,47849,,,
0.8037018775939941,0.859375,122,47899,,,
0.8033328652381897,0.84375,122,47949,,,
0.8271884918212891,0.8828125,122,47999,,,
0.7990027666091919,0.90625,122,48049,,,
,,122,48092,,,0.00038189850585339675
,,122,48092,0.8112210631370544,0.8809999823570251,
0.689570426940918,0.9453125,123,48099,,,
0.7809523940086365,0.890625,123,48149,,,
0.8058345317840576,0.90625,123,48199,,,
0.8342815637588501,0.859375,123,48249,,,
0.8521884083747864,0.8828125,123,48299,,,
0.7844669818878174,0.8828125,123,48349,,,
0.7672672271728516,0.90625,123,48399,,,
0.8456833362579346,0.859375,123,48449,,,
,,123,48483,,,0.0003743828402671403
,,123,48483,0.8160291910171509,0.8840000033378601,
0.821186363697052,0.890625,124,48499,,,
0.8557437658309937,0.8515625,124,48549,,,
0.877158522605896,0.859375,124,48599,,,
0.7694496512413025,0.8828125,124,48649,,,
0.7801724672317505,0.90625,124,48699,,,
0.8019791841506958,0.8671875,124,48749,,,
0.7022138237953186,0.9296875,124,48799,,,
0.8744384050369263,0.859375,124,48849,,,
,,124,48874,,,0.0003668994025105814
,,124,48874,0.8125733137130737,0.8823000192642212,
0.789250373840332,0.8828125,125,48899,,,
0.8809207081794739,0.859375,125,48949,,,
0.8699979186058044,0.8203125,125,48999,,,
0.7611105442047119,0.8984375,125,49049,,,
0.8277869820594788,0.8828125,125,49099,,,
0.8017351031303406,0.890625,125,49149,,,
0.6915596723556519,0.9375,125,49199,,,
0.9518241286277771,0.84375,125,49249,,,
,,125,49265,,,0.00035945003901000945
,,125,49265,0.8042364716529846,0.883899986743927,
0.7979569435119629,0.890625,126,49299,,,
0.7347870469093323,0.921875,126,49349,,,
0.7889381051063538,0.8984375,126,49399,,,
0.7112565040588379,0.9375,126,49449,,,
0.7371752262115479,0.9140625,126,49499,,,
0.8527828454971313,0.859375,126,49549,,,
0.8285393714904785,0.859375,126,49599,,,
0.8069872260093689,0.8515625,126,49649,,,
,,126,49656,,,0.00035203658778440103
,,126,49656,0.8122668862342834,0.8812999725341797,
0.8169954419136047,0.8359375,127,49699,,,
0.8296257853507996,0.8671875,127,49749,,,
0.8489222526550293,0.8828125,127,49799,,,
0.9428796172142029,0.8203125,127,49849,,,
0.933261513710022,0.8203125,127,49899,,,
0.7699874639511108,0.890625,127,49949,,,
0.7896543741226196,0.890625,127,49999,,,
,,127,50047,,,0.0003446608779919159
,,127,50047,0.7996189594268799,0.8871999979019165,
0.8180720806121826,0.8984375,128,50049,,,
0.8137868046760559,0.8828125,128,50099,,,
0.7465312480926514,0.921875,128,50149,,,
0.7905765771865845,0.890625,128,50199,,,
0.7620959281921387,0.921875,128,50249,,,
0.8036795258522034,0.8828125,128,50299,,,
0.8129435181617737,0.859375,128,50349,,,
0.8401988744735718,0.8671875,128,50399,,,
,,128,50438,,,0.00033732472947858063
,,128,50438,0.8081484436988831,0.8870000243186951,
0.7432105541229248,0.8828125,129,50449,,,
0.8165998458862305,0.90625,129,50499,,,
0.8796181678771973,0.8515625,129,50549,,,
0.8437581062316895,0.8671875,129,50599,,,
0.7054393291473389,0.9296875,129,50649,,,
0.8219150304794312,0.859375,129,50699,,,
0.8043860793113708,0.8671875,129,50749,,,
0.8171508312225342,0.8515625,129,50799,,,
,,129,50829,,,0.00033002995232926766
,,129,50829,0.7999904155731201,0.8867999911308289,
0.7412053346633911,0.9140625,130,50849,,,
0.8501091599464417,0.8671875,130,50899,,,
0.7623146772384644,0.8828125,130,50949,,,
0.8593493103981018,0.875,130,50999,,,
0.6961724758148193,0.9296875,130,51049,,,
0.8870502710342407,0.8515625,130,51099,,,
0.7762025594711304,0.890625,130,51149,,,
0.7515197396278381,0.8984375,130,51199,,,
,,130,51220,,,0.0003227783464210844
,,130,51220,0.805081307888031,0.8859999775886536,
0.8625625371932983,0.8359375,131,51249,,,
0.943173348903656,0.8125,131,51299,,,
0.6941525936126709,0.90625,131,51349,,,
0.7859808206558228,0.890625,131,51399,,,
0.7506988048553467,0.921875,131,51449,,,
0.7923316955566406,0.8828125,131,51499,,,
0.8455711603164673,0.8671875,131,51549,,,
0.7071040868759155,0.9296875,131,51599,,,
,,131,51611,,,0.00031557170097928054
,,131,51611,0.8027865290641785,0.8858000040054321,
0.7336395382881165,0.921875,132,51649,,,
0.7543118596076965,0.890625,132,51699,,,
0.8657834529876709,0.859375,132,51749,,,
0.7408941984176636,0.9140625,132,51799,,,
0.7719390392303467,0.9140625,132,51849,,,
0.749886155128479,0.9140625,132,51899,,,
0.8098126649856567,0.8515625,132,51949,,,
0.8125433921813965,0.8828125,132,51999,,,
,,132,52002,,,0.0003084117941357834
,,132,52002,0.8071642518043518,0.8866000175476074,
0.7177355289459229,0.9296875,133,52049,,,
0.8555768728256226,0.875,133,52099,,,
0.7298858165740967,0.90625,133,52149,,,
0.7879611253738403,0.8984375,133,52199,,,
0.8150951862335205,0.8828125,133,52249,,,
0.7892846465110779,0.8828125,133,52299,,,
0.7403894066810608,0.9296875,133,52349,,,
,,133,52393,,,0.00030130039249047106
,,133,52393,0.8014627695083618,0.8870999813079834,
0.7794399857521057,0.90625,134,52399,,,
0.8033325672149658,0.8671875,134,52449,,,
0.7472546100616455,0.921875,134,52499,,,
0.7768173813819885,0.890625,134,52549,,,
0.7608082294464111,0.8984375,134,52599,,,
0.7050483226776123,0.921875,134,52649,,,
0.7768697738647461,0.8984375,134,52699,,,
0.7161259055137634,0.9453125,134,52749,,,
,,134,52784,,,0.00029423925067528897
,,134,52784,0.8055940866470337,0.8884999752044678,
0.914673388004303,0.828125,135,52799,,,
0.8452759981155396,0.8828125,135,52849,,,
0.7392535209655762,0.9140625,135,52899,,,
0.7697364091873169,0.890625,135,52949,,,
0.692002534866333,0.9375,135,52999,,,
0.7445419430732727,0.8984375,135,53049,,,
0.7941399812698364,0.859375,135,53099,,,
0.7490218281745911,0.8984375,135,53149,,,
,,135,53175,,,0.0002872301109213219
,,135,53175,0.7983058094978333,0.8885999917984009,
0.8331911563873291,0.875,136,53199,,,
0.7761266231536865,0.8828125,136,53249,,,
0.7179644107818604,0.9296875,136,53299,,,
0.8021084070205688,0.8984375,136,53349,,,
0.7375117540359497,0.90625,136,53399,,,
0.8494930267333984,0.84375,136,53449,,,
0.7168199419975281,0.9140625,136,53499,,,
0.8150215744972229,0.8984375,136,53549,,,
,,136,53566,,,0.0002802747026289243
,,136,53566,0.8011907935142517,0.887499988079071,
0.793992280960083,0.890625,137,53599,,,
0.7119997143745422,0.9296875,137,53649,,,
0.7644617557525635,0.890625,137,53699,,,
0.7527663707733154,0.890625,137,53749,,,
0.744692325592041,0.90625,137,53799,,,
0.8309934139251709,0.8984375,137,53849,,,
0.7805511951446533,0.8828125,137,53899,,,
0.6864917874336243,0.9453125,137,53949,,,
,,137,53957,,,0.00027337474194101617
,,137,53957,0.803841769695282,0.8873000144958496,
0.7402782440185547,0.921875,138,53999,,,
0.7782573103904724,0.890625,138,54049,,,
0.6995090246200562,0.9296875,138,54099,,,
0.8989434242248535,0.8515625,138,54149,,,
0.7591226696968079,0.90625,138,54199,,,
0.7207605838775635,0.9375,138,54249,,,
0.707030177116394,0.921875,138,54299,,,
,,138,54348,,,0.00026653193131965077
,,138,54348,0.8015125393867493,0.8883000016212463,
0.7486686110496521,0.90625,139,54349,,,
0.6816226243972778,0.9375,139,54399,,,
0.79716956615448,0.90625,139,54449,,,
0.7150282263755798,0.9140625,139,54499,,,
0.7851006984710693,0.8828125,139,54549,,,
0.8115693926811218,0.890625,139,54599,,,
0.8167312145233154,0.8828125,139,54649,,,
0.8123617172241211,0.890625,139,54699,,,
,,139,54739,,,0.00025974795912595813
,,139,54739,0.8061438202857971,0.8858000040054321,
0.7245296835899353,0.921875,140,54749,,,
0.7485907077789307,0.8828125,140,54799,,,
0.8937851190567017,0.8359375,140,54849,,,
0.8472981452941895,0.8671875,140,54899,,,
0.8091520071029663,0.890625,140,54949,,,
0.8138052821159363,0.8984375,140,54999,,,
0.7616283893585205,0.8828125,140,55049,,,
0.8167307376861572,0.875,140,55099,,,
,,140,55130,,,0.0002530244992035661
,,140,55130,0.8011254668235779,0.8901000022888184,
0.6886008977890015,0.9453125,141,55149,,,
0.766776442527771,0.90625,141,55199,,,
0.7619760036468506,0.890625,141,55249,,,
0.7973898649215698,0.8828125,141,55299,,,
0.6475179195404053,0.953125,141,55349,,,
0.777428388595581,0.890625,141,55399,,,
0.7276991605758667,0.890625,141,55449,,,
0.7766795754432678,0.8828125,141,55499,,,
,,141,55521,,,0.00024636321046560527
,,141,55521,0.8037378787994385,0.8888000249862671,
0.7091134786605835,0.9296875,142,55549,,,
0.7412890195846558,0.9375,142,55599,,,
0.8006106615066528,0.921875,142,55649,,,
0.7514073252677917,0.8984375,142,55699,,,
0.7533767223358154,0.875,142,55749,,,
0.6975255012512207,0.90625,142,55799,,,
0.6979708671569824,0.921875,142,55849,,,
0.7926647663116455,0.859375,142,55899,,,
,,142,55912,,,0.00023976573648539645
,,142,55912,0.7969938516616821,0.8884999752044678,
0.7275738716125488,0.9140625,143,55949,,,
0.7725527882575989,0.8984375,143,55999,,,
0.6639701128005981,0.96875,143,56049,,,
0.7728122472763062,0.9140625,143,56099,,,
0.7262566685676575,0.9296875,143,56149,,,
0.8249617218971252,0.859375,143,56199,,,
0.7183834314346313,0.9296875,143,56249,,,
0.7400074005126953,0.9140625,143,56299,,,
,,143,56303,,,0.00023323370509092462
,,143,56303,0.7974900603294373,0.890999972820282,
0.7578287720680237,0.9140625,144,56349,,,
0.7319055199623108,0.9140625,144,56399,,,
0.7875983715057373,0.8828125,144,56449,,,
0.6734675168991089,0.9453125,144,56499,,,
0.7498611211776733,0.8984375,144,56549,,,
0.7573157548904419,0.875,144,56599,,,
0.7256965041160583,0.9140625,144,56649,,,
,,144,56694,,,0.00022676872796319523
,,144,56694,0.8036246299743652,0.8881999850273132,
0.7364851236343384,0.90625,145,56699,,,
0.8245680332183838,0.890625,145,56749,,,
0.723297119140625,0.9296875,145,56799,,,
0.7575044631958008,0.90625,145,56849,,,
0.7352520823478699,0.9140625,145,56899,,,
0.7186179757118225,0.9296875,145,56949,,,
0.7439679503440857,0.90625,145,56999,,,
0.7033029198646545,0.9375,145,57049,,,
,,145,57085,,,0.00022037240023857702
,,145,57085,0.8043607473373413,0.8895000219345093,
0.7284892797470093,0.9296875,146,57099,,,
0.7118183374404907,0.9375,146,57149,,,
0.7246316075325012,0.9375,146,57199,,,
0.8130056262016296,0.890625,146,57249,,,
0.8018990755081177,0.875,146,57299,,,
0.8544136881828308,0.890625,146,57349,,,
0.7808914184570312,0.8984375,146,57399,,,
0.7160331010818481,0.9296875,146,57449,,,
,,146,57476,,,0.00021404630011522577
,,146,57476,0.8058944940567017,0.8867999911308289,
0.6784252524375916,0.9453125,147,57499,,,
0.6889959573745728,0.9375,147,57549,,,
0.6966567635536194,0.9453125,147,57599,,,
0.7650504112243652,0.890625,147,57649,,,
0.7964959144592285,0.8984375,147,57699,,,
0.7628983855247498,0.8984375,147,57749,,,
0.7522022128105164,0.8984375,147,57799,,,
0.7872542142868042,0.8984375,147,57849,,,
,,147,57867,,,0.00020779198846368737
,,147,57867,0.7948620915412903,0.8898000121116638,
0.6808367371559143,0.953125,148,57899,,,
0.7385444045066833,0.9140625,148,57949,,,
0.8494492769241333,0.84375,148,57999,,,
0.7478830814361572,0.9296875,148,58049,,,
0.805379331111908,0.8671875,148,58099,,,
0.729002058506012,0.8984375,148,58149,,,
0.7278309464454651,0.921875,148,58199,,,
0.8022067546844482,0.875,148,58249,,,
,,148,58258,,,0.0002016110084417765
,,148,58258,0.7980794310569763,0.891700029373169,
0.7425241470336914,0.9140625,149,58299,,,
0.8236721754074097,0.8671875,149,58349,,,
0.6282392740249634,0.9765625,149,58399,,,
0.773706316947937,0.890625,149,58449,,,
0.761709451675415,0.9296875,149,58499,,,
0.7174911499023438,0.9296875,149,58549,,,
0.6913086771965027,0.9375,149,58599,,,
0.7852734923362732,0.925000011920929,149,58649,,,
,,149,58649,,,0.00019550488511382584
,,149,58649,0.7998384833335876,0.8884999752044678,
0.7443812489509583,0.90625,150,58699,,,
0.6549060344696045,0.9375,150,58749,,,
0.7930050492286682,0.8984375,150,58799,,,
0.8208604454994202,0.8984375,150,58849,,,
0.8120609521865845,0.8671875,150,58899,,,
0.7781673073768616,0.890625,150,58949,,,
0.6861857175827026,0.953125,150,58999,,,
,,150,59040,,,0.00018947512507439847
,,150,59040,0.7949856519699097,0.8920999765396118,
0.7934613227844238,0.8828125,151,59049,,,
0.757591187953949,0.8984375,151,59099,,,
0.6605191230773926,0.9453125,151,59149,,,
0.7324181795120239,0.9140625,151,59199,,,
0.7121613621711731,0.921875,151,59249,,,
0.7503786087036133,0.8984375,151,59299,,,
0.6987689137458801,0.9375,151,59349,,,
0.8092761039733887,0.859375,151,59399,,,
,,151,59431,,,0.00018352321607655904
,,151,59431,0.8009364008903503,0.8894000053405762,
0.7323298454284668,0.90625,152,59449,,,
0.7324894070625305,0.90625,152,59499,,,
0.7606332302093506,0.921875,152,59549,,,
0.6835864186286926,0.9453125,152,59599,,,
0.7479015588760376,0.8984375,152,59649,,,
0.8889422416687012,0.8515625,152,59699,,,
0.6859543323516846,0.953125,152,59749,,,
0.8046720027923584,0.8828125,152,59799,,,
,,152,59822,,,0.0001776506266647923
,,152,59822,0.7982054948806763,0.8919000029563904,
0.7868257761001587,0.90625,153,59849,,,
0.792461097240448,0.8828125,153,59899,,,
0.6916718482971191,0.921875,153,59949,,,
0.7250092625617981,0.90625,153,59999,,,
0.8067511320114136,0.8671875,153,60049,,,
0.7337485551834106,0.9140625,153,60099,,,
0.788428783416748,0.8671875,153,60149,,,
0.795689046382904,0.890625,153,60199,,,
,,153,60213,,,0.00017185880581266206
,,153,60213,0.7950254678726196,0.8906999826431274,
0.7135515213012695,0.9375,154,60249,,,
0.7238187789916992,0.921875,154,60299,,,
0.6639032363891602,0.953125,154,60349,,,
0.7765430808067322,0.921875,154,60399,,,
0.7036138772964478,0.921875,154,60449,,,
0.7207204103469849,0.90625,154,60499,,,
0.7803401947021484,0.890625,154,60549,,,
0.8202015161514282,0.8671875,154,60599,,,
,,154,60604,,,0.000166149182565299
,,154,60604,0.7934409379959106,0.8942000269889832,
0.7891919612884521,0.875,155,60649,,,
0.6921088695526123,0.921875,155,60699,,,
0.7066699266433716,0.9296875,155,60749,,,
0.7246607542037964,0.9140625,155,60799,,,
0.7298918962478638,0.90625,155,60849,,,
0.741645336151123,0.8984375,155,60899,,,
0.6574440002441406,0.9609375,155,60949,,,
,,155,60995,,,0.00016052316568680435
,,155,60995,0.7909846305847168,0.8946999907493591,
0.7030042409896851,0.9296875,156,60999,,,
0.6791547536849976,0.9453125,156,61049,,,
0.8283576965332031,0.859375,156,61099,,,
0.7517761588096619,0.9296875,156,61149,,,
0.71831214427948,0.9296875,156,61199,,,
0.6838185787200928,0.9375,156,61249,,,
0.7631587386131287,0.90625,156,61299,,,
0.7028676271438599,0.9296875,156,61349,,,
,,156,61386,,,0.00015498214331265893
,,156,61386,0.7986301779747009,0.8924000263214111,
0.7961503267288208,0.8828125,157,61399,,,
0.7223941087722778,0.9296875,157,61449,,,
0.7706824541091919,0.90625,157,61499,,,
0.704906702041626,0.90625,157,61549,,,
0.7454013824462891,0.8984375,157,61599,,,
0.7187373638153076,0.921875,157,61649,,,
0.762075662612915,0.90625,157,61699,,,
0.709678053855896,0.921875,157,61749,,,
,,157,61777,,,0.0001495274826072215
,,157,61777,0.8009152412414551,0.8902999758720398,
0.7396721839904785,0.9140625,158,61799,,,
0.6931191086769104,0.9296875,158,61849,,,
0.7225823998451233,0.9140625,158,61899,,,
0.7138503789901733,0.8984375,158,61949,,,
0.7369503378868103,0.9140625,158,61999,,,
0.6773637533187866,0.9375,158,62049,,,
0.6570702791213989,0.9453125,158,62099,,,
0.7521002292633057,0.8984375,158,62149,,,
,,158,62168,,,0.00014416052942640132
,,158,62168,0.8003585934638977,0.8901000022888184,
0.6999776363372803,0.9453125,159,62199,,,
0.7043832540512085,0.9375,159,62249,,,
0.7239772081375122,0.8984375,159,62299,,,
0.7606878280639648,0.8984375,159,62349,,,
0.7505860328674316,0.921875,159,62399,,,
0.7229200601577759,0.90625,159,62449,,,
0.6776947975158691,0.921875,159,62499,,,
0.718466579914093,0.90625,159,62549,,,
,,159,62559,,,0.0001388826079855881
,,159,62559,0.8018457293510437,0.8906000256538391,
0.6979191303253174,0.9453125,160,62599,,,
0.659308910369873,0.9609375,160,62649,,,
0.6991506218910217,0.9296875,160,62699,,,
0.6822003722190857,0.9375,160,62749,,,
0.7190649509429932,0.9140625,160,62799,,,
0.6921466588973999,0.921875,160,62849,,,
0.7813965082168579,0.890625,160,62899,,,
0.7590917944908142,0.8984375,160,62949,,,
,,160,62950,,,0.00013369502053292245
,,160,62950,0.7960271239280701,0.8931000232696533,
0.731438398361206,0.921875,161,62999,,,
0.71610426902771,0.9296875,161,63049,,,
0.7379730939865112,0.9140625,161,63099,,,
0.8122710585594177,0.8515625,161,63149,,,
0.733799934387207,0.9140625,161,63199,,,
0.7818043828010559,0.90625,161,63249,,,
0.776592493057251,0.9140625,161,63299,,,
,,161,63341,,,0.00012859904702798464
,,161,63341,0.7950494289398193,0.8950999975204468,
0.7553184628486633,0.90625,162,63349,,,
0.7821845412254333,0.90625,162,63399,,,
0.754941463470459,0.921875,162,63449,,,
0.7230034470558167,0.90625,162,63499,,,
0.7277379035949707,0.921875,162,63549,,,
0.7964709401130676,0.8828125,162,63599,,,
0.8006640076637268,0.8828125,162,63649,,,
0.772338330745697,0.8984375,162,63699,,,
,,162,63732,,,0.00012359594482598432
,,162,63732,0.799491822719574,0.8919000029563904,
0.805941104888916,0.9140625,163,63749,,,
0.7410109639167786,0.875,163,63799,,,
0.6698096394538879,0.953125,163,63849,,,
0.708490252494812,0.921875,163,63899,,,
0.6319083571434021,0.96875,163,63949,,,
0.7779146432876587,0.8984375,163,63999,,,
0.71839439868927,0.90625,163,64049,,,
0.8337312340736389,0.8515625,163,64099,,,
,,163,64123,,,0.00011868694836752681
,,163,64123,0.8038123250007629,0.8903999924659729,
0.7018846869468689,0.921875,164,64149,,,
0.6856130957603455,0.9375,164,64199,,,
0.7141757607460022,0.9140625,164,64249,,,
0.7964850068092346,0.8984375,164,64299,,,
0.7114109396934509,0.9296875,164,64349,,,
0.7614407539367676,0.8984375,164,64399,,,
0.7062616348266602,0.9375,164,64449,,,
0.7378591299057007,0.90625,164,64499,,,
,,164,64514,,,0.0001138732688740332
,,164,64514,0.795081615447998,0.89410001039505,
0.7300395965576172,0.9140625,165,64549,,,
0.7795570492744446,0.875,165,64599,,,
0.7665671706199646,0.8984375,165,64649,,,
0.6863908767700195,0.953125,165,64699,,,
0.7446708083152771,0.8984375,165,64749,,,
0.7101587057113647,0.9453125,165,64799,,,
0.7223803997039795,0.9140625,165,64849,,,
0.7412827610969543,0.8984375,165,64899,,,
,,165,64905,,,0.00010915609404889012
,,165,64905,0.7967755198478699,0.8946999907493591,
0.7618648409843445,0.890625,166,64949,,,
0.6503331065177917,0.9609375,166,64999,,,
0.7316011190414429,0.90625,166,65049,,,
0.6850985288619995,0.9296875,166,65099,,,
0.7076842784881592,0.921875,166,65149,,,
0.7473272085189819,0.90625,166,65199,,,
0.8353219628334045,0.8671875,166,65249,,,
,,166,65296,,,0.00010453658778440103
,,166,65296,0.7916159629821777,0.8959000110626221,
0.7202944755554199,0.90625,167,65299,,,
0.7294524312019348,0.90625,167,65349,,,
0.7333948612213135,0.9140625,167,65399,,,
0.7092450857162476,0.9375,167,65449,,,
0.7426398992538452,0.90625,167,65499,,,
0.880642294883728,0.8671875,167,65549,,,
0.6892704963684082,0.9375,167,65599,,,
0.757725715637207,0.8828125,167,65649,,,
,,167,65687,,,0.00010001588987461343
,,167,65687,0.7925841212272644,0.8952999711036682,
0.6863846182823181,0.9453125,168,65699,,,
0.7240246534347534,0.90625,168,65749,,,
0.656463623046875,0.9375,168,65799,,,
0.7084159851074219,0.90625,168,65849,,,
0.771715521812439,0.8984375,168,65899,,,
0.6750410795211792,0.9375,168,65949,,,
0.6470052003860474,0.9453125,168,65999,,,
0.7021058201789856,0.9296875,168,66049,,,
,,168,66078,,,9.559511573409192e-05
,,168,66078,0.7950212955474854,0.8963000178337097,
0.6489644646644592,0.953125,169,66099,,,
0.7154908180236816,0.921875,169,66149,,,
0.7256699800491333,0.8984375,169,66199,,,
0.6802880167961121,0.9296875,169,66249,,,
0.718551754951477,0.9140625,169,66299,,,
0.722496509552002,0.9453125,169,66349,,,
0.7407820820808411,0.9140625,169,66399,,,
0.7977756857872009,0.875,169,66449,,,
,,169,66469,,,9.12753561227063e-05
,,169,66469,0.794850766658783,0.8964999914169312,
0.8024258613586426,0.859375,170,66499,,,
0.7022523880004883,0.9140625,170,66549,,,
0.6856734752655029,0.9296875,170,66599,,,
0.6693982481956482,0.9375,170,66649,,,
0.7594056129455566,0.9296875,170,66699,,,
0.7378665208816528,0.921875,170,66749,,,
0.7599177360534668,0.890625,170,66799,,,
0.6986476182937622,0.9296875,170,66849,,,
,,170,66860,,,8.705767687650262e-05
,,170,66860,0.7938841581344604,0.8971999883651733,
0.7602135539054871,0.8828125,171,66899,,,
0.8023471832275391,0.875,171,66949,,,
0.7358565330505371,0.8671875,171,66999,,,
0.806658148765564,0.8984375,171,67049,,,
0.6644433736801147,0.9375,171,67099,,,
0.7317286729812622,0.921875,171,67149,,,
0.7322934865951538,0.9140625,171,67199,,,
0.803105354309082,0.8828125,171,67249,,,
,,171,67251,,,8.294311864472445e-05
,,171,67251,0.7955501675605774,0.8942000269889832,
0.6801005601882935,0.9453125,172,67299,,,
0.7901488542556763,0.90625,172,67349,,,
0.7475351691246033,0.9140625,172,67399,,,
0.7756463289260864,0.890625,172,67449,,,
0.6635235548019409,0.9375,172,67499,,,
0.6828337907791138,0.921875,172,67549,,,
0.6812870502471924,0.9140625,172,67599,,,
,,172,67642,,,7.89326966330478e-05
,,172,67642,0.7989701628684998,0.8945000171661377,
0.7322777509689331,0.9375,173,67649,,,
0.6839562654495239,0.9375,173,67699,,,
0.7178752422332764,0.921875,173,67749,,,
0.6887082457542419,0.9296875,173,67799,,,
0.6938872337341309,0.9375,173,67849,,,
0.7233343720436096,0.9140625,173,67899,,,
0.7170459032058716,0.90625,173,67949,,,
0.6778591871261597,0.9609375,173,67999,,,
,,173,68033,,,7.502740035309526e-05
,,173,68033,0.794815719127655,0.8955000042915344,
0.6682268381118774,0.9453125,174,68049,,,
0.7170248031616211,0.9296875,174,68099,,,
0.7588171362876892,0.8828125,174,68149,,,
0.825523853302002,0.859375,174,68199,,,
0.7584371566772461,0.8984375,174,68249,,,
0.6954610347747803,0.9296875,174,68299,,,
0.6738953590393066,0.9453125,174,68349,,,
0.7020940780639648,0.921875,174,68399,,,
,,174,68424,,,7.12281933782875e-05
,,174,68424,0.792709231376648,0.8963000178337097,
0.7509975433349609,0.90625,175,68449,,,
0.7806480526924133,0.90625,175,68499,,,
0.6867471933364868,0.9140625,175,68549,,,
0.64955073595047,0.9609375,175,68599,,,
0.765357494354248,0.890625,175,68649,,,
0.7847219705581665,0.890625,175,68699,,,
0.696954071521759,0.921875,175,68749,,,
0.7730288505554199,0.890625,175,68799,,,
,,175,68815,,,6.75360131060967e-05
,,175,68815,0.7945152521133423,0.895799994468689,
0.8089674711227417,0.8828125,176,68849,,,
0.618697464466095,0.9609375,176,68899,,,
0.7797768115997314,0.90625,176,68949,,,
0.6970868110656738,0.921875,176,68999,,,
0.71712327003479,0.9296875,176,69049,,,
0.7016257047653198,0.9453125,176,69099,,,
0.7903138399124146,0.8984375,176,69149,,,
0.7391703724861145,0.921875,176,69199,,,
,,176,69206,,,6.395177052675792e-05
,,176,69206,0.7932856678962708,0.8974999785423279,
0.782332181930542,0.9140625,177,69249,,,
0.7983519434928894,0.8828125,177,69299,,,
0.7603239417076111,0.8984375,177,69349,,,
0.6952255964279175,0.9140625,177,69399,,,
0.8307162523269653,0.890625,177,69449,,,
0.6861087083816528,0.9375,177,69499,,,
0.654934287071228,0.9453125,177,69549,,,
,,177,69597,,,6.047634999849528e-05
,,177,69597,0.7958073616027832,0.8956000208854675,
0.7575557231903076,0.90625,178,69599,,,
0.7112023830413818,0.921875,178,69649,,,
0.7252410650253296,0.9296875,178,69699,,,
0.6638177633285522,0.9609375,178,69749,,,
0.7324700355529785,0.90625,178,69799,,,
0.626498281955719,0.953125,178,69849,,,
0.8139028549194336,0.8515625,178,69899,,,
0.7599049806594849,0.890625,178,69949,,,
,,178,69988,,,5.711060902932039e-05
,,178,69988,0.7920535206794739,0.8977000117301941,
0.7195212841033936,0.921875,179,69999,,,
0.6990383863449097,0.9140625,179,70049,,,
0.6587514281272888,0.953125,179,70099,,,
0.6569057703018188,0.9453125,179,70149,,,
0.6626853942871094,0.953125,179,70199,,,
0.6862531304359436,0.9375,179,70249,,,
0.7008042931556702,0.9375,179,70299,,,
0.7238399982452393,0.9140625,179,70349,,,
,,179,70379,,,5.385537806545467e-05
,,179,70379,0.7959496378898621,0.8952000141143799,
0.6711193323135376,0.9453125,180,70399,,,
0.7234708070755005,0.890625,180,70449,,,
0.7126566171646118,0.921875,180,70499,,,
0.7326947450637817,0.921875,180,70549,,,
0.7045192718505859,0.9375,180,70599,,,
0.685725212097168,0.921875,180,70649,,,
0.694740891456604,0.9375,180,70699,,,
0.7339548468589783,0.921875,180,70749,,,
,,180,70770,,,5.0711460286429424e-05
,,180,70770,0.7959612011909485,0.8956000208854675,
0.725822389125824,0.90625,181,70799,,,
0.7201635837554932,0.90625,181,70849,,,
0.762225866317749,0.8984375,181,70899,,,
0.6608666181564331,0.9453125,181,70949,,,
0.7395083904266357,0.9140625,181,70999,,,
0.7357003688812256,0.9140625,181,71049,,,
0.7081116437911987,0.8984375,181,71099,,,
0.7050362229347229,0.9140625,181,71149,,,
,,181,71161,,,4.767963140691315e-05
,,181,71161,0.798443078994751,0.8974000215530396,
0.7141611576080322,0.9296875,182,71199,,,
0.6584964394569397,0.9453125,182,71249,,,
0.6669032573699951,0.953125,182,71299,,,
0.6916155219078064,0.9296875,182,71349,,,
0.7340739965438843,0.8984375,182,71399,,,
0.6447568535804749,0.96875,182,71449,,,
0.7347309589385986,0.90625,182,71499,,,
0.7249370813369751,0.9140625,182,71549,,,
,,182,71552,,,4.4760639485315563e-05
,,182,71552,0.7944284677505493,0.8980000019073486,
0.6557134985923767,0.953125,183,71599,,,
0.7115943431854248,0.9453125,183,71649,,,
0.8051132559776306,0.875,183,71699,,,
0.7484146356582642,0.8984375,183,71749,,,
0.7108181118965149,0.9140625,183,71799,,,
0.7961481809616089,0.859375,183,71849,,,
0.6645218133926392,0.9453125,183,71899,,,
,,183,71943,,,4.195520473921563e-05
,,183,71943,0.7932360172271729,0.896399974822998,
0.7507950067520142,0.90625,184,71949,,,
0.6547131538391113,0.96875,184,71999,,,
0.7557315826416016,0.90625,184,72049,,,
0.666612982749939,0.953125,184,72099,,,
0.6484975218772888,0.953125,184,72149,,,
0.7289447784423828,0.921875,184,72199,,,
0.6063584089279175,0.9609375,184,72249,,,
0.7024362087249756,0.9296875,184,72299,,,
,,184,72334,,,3.9264019367658385e-05
,,184,72334,0.7944155931472778,0.8970999717712402,
0.7267296314239502,0.90625,185,72349,,,
0.7077188491821289,0.921875,185,72399,,,
0.6115564107894897,0.96875,185,72449,,,
0.8116536140441895,0.859375,185,72499,,,
0.7142454385757446,0.9296875,185,72549,,,
0.7176159620285034,0.9140625,185,72599,,,
0.695115327835083,0.9296875,185,72649,,,
0.6988762617111206,0.9375,185,72699,,,
,,185,72725,,,3.6687747380365064e-05
,,185,72725,0.7942438721656799,0.8964999914169312,
0.6916444301605225,0.9375,186,72749,,,
0.7150708436965942,0.90625,186,72799,,,
0.6817293167114258,0.9296875,186,72849,,,
0.6692061424255371,0.953125,186,72899,,,
0.7496389746665955,0.90625,186,72949,,,
0.7553460597991943,0.90625,186,72999,,,
0.6796998977661133,0.9296875,186,73049,,,
0.6716980338096619,0.9296875,186,73099,,,
,,186,73116,,,3.422702443389899e-05
,,186,73116,0.7950403690338135,0.8967000246047974,
0.6278163194656372,0.96875,187,73149,,,
0.7389153838157654,0.9140625,187,73199,,,
0.7787675857543945,0.890625,187,73249,,,
0.6664741635322571,0.953125,187,73299,,,
0.6693886518478394,0.9453125,187,73349,,,
0.6903162002563477,0.921875,187,73399,,,
0.6554224491119385,0.953125,187,73449,,,
0.7387397289276123,0.90625,187,73499,,,
,,187,73507,,,3.188245767482658e-05
,,187,73507,0.7923325300216675,0.8974000215530396,
0.7186244130134583,0.9140625,188,73549,,,
0.6581295132637024,0.9453125,188,73599,,,
0.7379027605056763,0.90625,188,73649,,,
0.7318412661552429,0.9140625,188,73699,,,
0.6227060556411743,0.96875,188,73749,,,
0.6585208177566528,0.953125,188,73799,,,
0.7395206093788147,0.9296875,188,73849,,,
,,188,73898,,,2.965462558991323e-05
,,188,73898,0.7918444275856018,0.8988999724388123,
0.6981081366539001,0.9296875,189,73899,,,
0.7252827882766724,0.921875,189,73949,,,
0.6877623200416565,0.953125,189,73999,,,
0.6858209371566772,0.9140625,189,74049,,,
0.6914764046669006,0.9453125,189,74099,,,
0.6682567596435547,0.9296875,189,74149,,,
0.6280549764633179,0.953125,189,74199,,,
0.7571455240249634,0.890625,189,74249,,,
,,189,74289,,,2.7544077863390004e-05
,,189,74289,0.7923747897148132,0.8974000215530396,
0.6272106170654297,0.9609375,190,74299,,,
0.6951303482055664,0.9453125,190,74349,,,
0.6489942073822021,0.9375,190,74399,,,
0.667057454586029,0.921875,190,74449,,,
0.7169591188430786,0.9140625,190,74499,,,
0.6291184425354004,0.96875,190,74549,,,
0.7053965330123901,0.921875,190,74599,,,
0.717833399772644,0.9296875,190,74649,,,
,,190,74680,,,2.5551335241327672e-05
,,190,74680,0.7933993935585022,0.8984000086784363,
0.6866264343261719,0.9375,191,74699,,,
0.6870850324630737,0.9375,191,74749,,,
0.6411691904067993,0.9609375,191,74799,,,
0.6996133327484131,0.9296875,191,74849,,,
0.6890779733657837,0.9296875,191,74899,,,
0.6656261682510376,0.9375,191,74949,,,
0.6186785697937012,0.9765625,191,74999,,,
0.7897285223007202,0.8671875,191,75049,,,
,,191,75071,,,2.367688940315011e-05
,,191,75071,0.7912580966949463,0.8998000025749207,
0.7888559103012085,0.8671875,192,75099,,,
0.7565391063690186,0.8828125,192,75149,,,
0.6721255779266357,0.9375,192,75199,,,
0.7300498485565186,0.9375,192,75249,,,
0.7164169549942017,0.9296875,192,75299,,,
0.6761943697929382,0.953125,192,75349,,,
0.7032934427261353,0.9296875,192,75399,,,
0.7385474443435669,0.8984375,192,75449,,,
,,192,75462,,,2.1921202840320077e-05
,,192,75462,0.793494701385498,0.8985999822616577,
0.6415898203849792,0.953125,193,75499,,,
0.6742503643035889,0.9296875,193,75549,,,
0.7260435223579407,0.9375,193,75599,,,
0.6351528167724609,0.9375,193,75649,,,
0.8026751279830933,0.875,193,75699,,,
0.7427660226821899,0.9140625,193,75749,,,
0.7397034764289856,0.890625,193,75799,,,
0.7205967307090759,0.9296875,193,75849,,,
,,193,75853,,,2.0284708742225903e-05
,,193,75853,0.7921078205108643,0.8981999754905701,
0.7122873067855835,0.9296875,194,75899,,,
0.746922492980957,0.9140625,194,75949,,,
0.6687726974487305,0.9453125,194,75999,,,
0.6593575477600098,0.9375,194,76049,,,
0.7450670003890991,0.8984375,194,76099,,,
0.6808713674545288,0.9296875,194,76149,,,
0.6861436367034912,0.9296875,194,76199,,,
,,194,76244,,,1.8767810889299086e-05
,,194,76244,0.7926462888717651,0.8981999754905701,
0.7032840251922607,0.9375,195,76249,,,
0.7100024819374084,0.9140625,195,76299,,,
0.6419771313667297,0.9609375,195,76349,,,
0.7730451226234436,0.90625,195,76399,,,
0.745523989200592,0.90625,195,76449,,,
0.6437504291534424,0.9609375,195,76499,,,
0.7297859787940979,0.9140625,195,76549,,,
0.6723369359970093,0.9296875,195,76599,,,
,,195,76635,,,1.7370883553386936e-05
,,195,76635,0.7972559332847595,0.897599995136261,
0.7201728820800781,0.90625,196,76649,,,
0.651370108127594,0.9453125,196,76699,,,
0.7075385451316833,0.921875,196,76749,,,
0.69696044921875,0.9140625,196,76799,,,
0.6998839378356934,0.90625,196,76849,,,
0.7484867572784424,0.90625,196,76899,,,
0.7821677923202515,0.890625,196,76949,,,
0.7128547430038452,0.90625,196,76999,,,
,,196,77026,,,1.6094271405406862e-05
,,196,77026,0.793508768081665,0.8998000025749207,
0.6837079524993896,0.9375,197,77049,,,
0.7191097140312195,0.90625,197,77099,,,
0.7409520745277405,0.90625,197,77149,,,
0.7607999444007874,0.9140625,197,77199,,,
0.7331777215003967,0.9140625,197,77249,,,
0.7276646494865417,0.8984375,197,77299,,,
0.650471031665802,0.96875,197,77349,,,
0.7637968063354492,0.90625,197,77399,,,
,,197,77417,,,1.4938289430304022e-05
,,197,77417,0.793377161026001,0.8981999754905701,
0.6596999764442444,0.9453125,198,77449,,,
0.6579040288925171,0.953125,198,77499,,,
0.7036768794059753,0.921875,198,77549,,,
0.7390832304954529,0.90625,198,77599,,,
0.7078038454055786,0.9375,198,77649,,,
0.6693602204322815,0.953125,198,77699,,,
0.6667859554290771,0.9375,198,77749,,,
0.6167299747467041,0.96875,198,77799,,,
,,198,77808,,,1.3903222849333509e-05
,,198,77808,0.793770432472229,0.8977000117301941,
0.6888302564620972,0.9375,199,77849,,,
0.6616513729095459,0.9453125,199,77899,,,
0.7133073806762695,0.9140625,199,77949,,,
0.7371745705604553,0.8984375,199,77999,,,
0.6747171878814697,0.953125,199,78049,,,
0.7042637467384338,0.9140625,199,78099,,,
0.6150084733963013,0.96875,199,78149,,,
0.6808099150657654,0.9625000357627869,199,78199,,,
,,199,78199,,,1.2989327049686102e-05
,,199,78199,0.7940692901611328,0.8978000283241272,
